Fecha,Precios,Volumen
2019-04-27 00:00:00,0.005470458299220707,43158348.3665803
2019-04-28 00:00:00,0.005207030741745718,9750768.053556936
2019-04-29 00:00:00,0.0043809965092268125,8388214.176948644
2019-04-30 00:00:00,0.0035276874041553726,8206899.938136298
2019-05-01 00:00:00,0.004395773226587837,23996173.170158293
2019-05-02 00:00:00,0.004329784808540857,9648802.459848048
2019-05-03 00:00:00,0.004193112059507956,5967466.560602684
2019-05-04 00:00:00,0.004224852324483694,4828733.418070598
2019-05-05 00:00:00,0.0039389381418024816,2373076.008804771
2019-05-06 00:00:00,0.0037306798850975276,2646003.170985355
2019-05-07 00:00:00,0.0037703573823272924,4031985.293164879
2019-05-08 00:00:00,0.0034777878687029386,2950832.608932231
2019-05-09 00:00:00,0.0032943096729554943,2146002.827990107
2019-05-10 00:00:00,0.003143762979229793,3816858.1272905534
2019-05-11 00:00:00,0.003763312422839745,7771947.106328975
2019-05-12 00:00:00,0.004670115092453859,12644633.504685078
2019-05-13 00:00:00,0.005218062375747743,17282002.997800354
2019-05-14 00:00:00,0.008771439775532169,72534590.53999157
2019-05-15 00:00:00,0.007717692444279263,98251438.74888398
2019-05-16 00:00:00,0.00957628136344939,48234032.897789635
2019-05-17 00:00:00,0.010889454739030588,58419125.852293596
2019-05-18 00:00:00,0.014521189912462665,168823052.56284595
2019-05-19 00:00:00,0.01234462149027778,56237389.240338296
2019-05-20 00:00:00,0.020172912698865224,139262475.8404694
2019-05-21 00:00:00,0.030190717212877444,392858767.1612495
2019-05-22 00:00:00,0.028913648277292675,696647294.9053901
2019-05-23 00:00:00,0.02169048924254803,288364882.8165133
2019-05-24 00:00:00,0.02663500604230838,416431723.6133023
2019-05-25 00:00:00,0.025595960114327222,151057259.37115043
2019-05-26 00:00:00,0.02502797665936501,147967215.62507176
2019-05-27 00:00:00,0.024397479508656287,95178261.24083906
2019-05-28 00:00:00,0.022289453000732692,77853505.5753421
2019-05-29 00:00:00,0.023761635754138758,92800163.63645634
2019-05-30 00:00:00,0.022118548256102752,3988206.4294172465
2019-05-31 00:00:00,0.01971449651124225,49505071.82437271
2019-06-01 00:00:00,0.02300462440600146,57155721.043781154
2019-06-02 00:00:00,0.021409017137042057,55810055.02566798
2019-06-03 00:00:00,0.020158085424526483,30773342.051590607
2019-06-04 00:00:00,0.019799638884990287,30733193.14056267
2019-06-05 00:00:00,0.02101781204643477,81555692.63318744
2019-06-06 00:00:00,0.022966122830628908,91943585.65713398
2019-06-07 00:00:00,0.023380650931131338,92096248.46087883
2019-06-08 00:00:00,0.02439035583413357,38703199.065020114
2019-06-09 00:00:00,0.026258675690796388,63273397.975974925
2019-06-10 00:00:00,0.025759263519942614,71404139.27415243
2019-06-11 00:00:00,0.02737700117050995,53479139.98113877
2019-06-12 00:00:00,0.02380433556861,44491000.902283095
2019-06-13 00:00:00,0.023710133343086148,45489808.02600256
2019-06-14 00:00:00,0.0232212275070925,57059260.53866467
2019-06-15 00:00:00,0.021151822769608322,45609709.02514853
2019-06-16 00:00:00,0.022564048745833867,41376359.44770077
2019-06-17 00:00:00,0.02314670515669152,39432554.45913444
2019-06-18 00:00:00,0.021710355514659194,33740043.09616906
2019-06-19 00:00:00,0.0223922266756101,31736411.32730231
2019-06-20 00:00:00,0.02309069796664873,54183244.37969357
2019-06-21 00:00:00,0.02259968288112068,35401143.90807466
2019-06-22 00:00:00,0.021190606751222,42987217.52297043
2019-06-23 00:00:00,0.021885627758767033,62292809.764565036
2019-06-24 00:00:00,0.02111757598220513,38492722.83076165
2019-06-25 00:00:00,0.020723672674110443,19311226.208773367
2019-06-26 00:00:00,0.019158140179115855,27817296.088681426
2019-06-27 00:00:00,0.01788664072228165,64540534.11535855
2019-06-28 00:00:00,0.019414255484757125,71947730.25663866
2019-06-29 00:00:00,0.01928801559399202,50630118.86531852
2019-06-30 00:00:00,0.023876566692411755,98174967.19698636
2019-07-01 00:00:00,0.02195680098774727,66977116.339674614
2019-07-02 00:00:00,0.022335406310262814,34688711.07213785
2019-07-03 00:00:00,0.021607580376026954,54515200.950424954
2019-07-04 00:00:00,0.019345337537531346,46923166.17563198
2019-07-05 00:00:00,0.018106594477698478,35399057.682218626
2019-07-06 00:00:00,0.01839574877656693,29338015.905113272
2019-07-07 00:00:00,0.017712131849654995,12546472.907332009
2019-07-08 00:00:00,0.017703511709679747,14691072.90233989
2019-07-09 00:00:00,0.016688509354315095,20897547.41435909
2019-07-10 00:00:00,0.0161873635371264,27542262.30685972
2019-07-11 00:00:00,0.01623179820490713,43493929.46800774
2019-07-12 00:00:00,0.01446671453258537,27648674.35241354
2019-07-13 00:00:00,0.015780378304293505,24209839.450270507
2019-07-14 00:00:00,0.016644659560562457,36346886.02484361
2019-07-15 00:00:00,0.014369554806469774,23341262.550038844
2019-07-16 00:00:00,0.013875669079358093,18281687.84957352
2019-07-17 00:00:00,0.012095696675992276,17457787.11768699
2019-07-18 00:00:00,0.013190027511248028,19960944.14784561
2019-07-19 00:00:00,0.013653930095044347,17592496.861752912
2019-07-20 00:00:00,0.013431660460785168,7977281.577029932
2019-07-21 00:00:00,0.014018082009204983,10031424.458021088
2019-07-22 00:00:00,0.01342678251319012,6141617.928672328
2019-07-23 00:00:00,0.012756641184267016,8132839.839537454
2019-07-24 00:00:00,0.011570307158907079,7783672.729019597
2019-07-25 00:00:00,0.011973424158020612,11058273.883080274
2019-07-26 00:00:00,0.012192110402562148,7970652.140126811
2019-07-27 00:00:00,0.012745861413031958,7878830.44255529
2019-07-28 00:00:00,0.011938400726928896,7216487.351203982
2019-07-29 00:00:00,0.01175807216250973,5276318.936049708
2019-07-30 00:00:00,0.011436872586054069,4293960.764639495
2019-07-31 00:00:00,0.01149077029397061,4385153.226614522
2019-08-01 00:00:00,0.01135779248663543,6685808.752269515
2019-08-02 00:00:00,0.01062797759007588,8023071.013067519
2019-08-03 00:00:00,0.011089687697989795,8551526.670006622
2019-08-04 00:00:00,0.010635447441703682,6016679.863284179
2019-08-05 00:00:00,0.01022661029013871,6237145.083379354
2019-08-06 00:00:00,0.011703940872436737,31353815.806671806
2019-08-07 00:00:00,0.015314422773079334,92919397.14975846
2019-08-08 00:00:00,0.016879049749995857,125670298.28229013
2019-08-09 00:00:00,0.014277317039784857,52943836.56496911
2019-08-10 00:00:00,0.012264416632172247,31448914.15180711
2019-08-11 00:00:00,0.014927053710683265,42290099.11481239
2019-08-12 00:00:00,0.016469527741153612,77616926.0451504
2019-08-13 00:00:00,0.01709743897923698,64533899.50353498
2019-08-14 00:00:00,0.016506564404594293,46095578.08825302
2019-08-15 00:00:00,0.014760442226436644,48449435.812742
2019-08-16 00:00:00,0.014610149717631577,25803411.53485523
2019-08-17 00:00:00,0.013327166721978779,23685917.332239874
2019-08-18 00:00:00,0.014098842111378521,19901169.183868513
2019-08-19 00:00:00,0.013878509634899339,16468807.128727045
2019-08-20 00:00:00,0.01546653209966227,31626618.914435294
2019-08-21 00:00:00,0.01573045122893184,21782359.904134385
2019-08-22 00:00:00,0.015437552443138821,27841103.494700555
2019-08-23 00:00:00,0.016875036035953122,37734209.919448555
2019-08-24 00:00:00,0.015464257170877573,33563242.92234369
2019-08-25 00:00:00,0.01482228233468403,23163269.1402363
2019-08-26 00:00:00,0.013629162831136915,11800360.047821794
2019-08-27 00:00:00,0.013883853698299817,12309280.897329418
2019-08-28 00:00:00,0.014201219927238218,15133909.197657738
2019-08-29 00:00:00,0.012893061826979782,11416698.784123452
2019-08-30 00:00:00,0.011679408692837283,10100495.040464304
2019-08-31 00:00:00,0.012369776656154423,6981423.164423691
2019-09-01 00:00:00,0.011795745746797872,4839536.024028707
2019-09-02 00:00:00,0.012193502686759589,5161220.406764733
2019-09-03 00:00:00,0.013596088214883551,18837441.48552928
2019-09-04 00:00:00,0.014310594658336201,22618245.13802851
2019-09-05 00:00:00,0.014111626232608818,13412976.949812118
2019-09-06 00:00:00,0.014825444713958403,19457186.300775748
2019-09-07 00:00:00,0.013617082870746828,18938376.154654607
2019-09-08 00:00:00,0.013731835926265671,7799496.118873349
2019-09-09 00:00:00,0.013837875581000586,5143184.857125143
2019-09-10 00:00:00,0.014121608696800231,17225173.517855316
2019-09-11 00:00:00,0.013516665661046909,7692132.210924325
2019-09-12 00:00:00,0.013135360810497067,6644987.0959424935
2019-09-13 00:00:00,0.012900908538968501,5709174.053548936
2019-09-14 00:00:00,0.012930043850706122,3946907.8303734763
2019-09-15 00:00:00,0.013103344811095404,4701783.0222008005
2019-09-16 00:00:00,0.012821936152503547,4012935.5446518143
2019-09-17 00:00:00,0.012886486854132365,5361735.715493669
2019-09-18 00:00:00,0.01345148321170463,7755252.080981659
2019-09-19 00:00:00,0.014282463621980072,22722323.42891106
2019-09-20 00:00:00,0.013723840461429456,14707793.416471224
2019-09-21 00:00:00,0.013622184629658933,5725783.773704215
2019-09-22 00:00:00,0.013357191177527273,4210087.229990507
2019-09-23 00:00:00,0.012331307865190103,6093875.1001153905
2019-09-24 00:00:00,0.01229811774414553,5101774.3330382155
2019-09-25 00:00:00,0.011181701016741387,19169612.20008541
2019-09-26 00:00:00,0.011014347344391516,11326502.699119963
2019-09-27 00:00:00,0.010630801726516164,8219967.881457983
2019-09-28 00:00:00,0.01083646846580625,6058236.729780078
2019-09-29 00:00:00,0.011144886959990928,7856282.061646556
2019-09-30 00:00:00,0.010891269346512397,5287887.648210626
2019-10-01 00:00:00,0.010820643795761357,10700082.540459355
2019-10-02 00:00:00,0.010832865372214997,4240288.959646114
2019-10-03 00:00:00,0.010832865372214997,4240288.959646114
2019-10-04 00:00:00,0.010666303907737623,4061665.6457083095
2019-10-05 00:00:00,0.010649642564851835,4020653.3050887324
2019-10-06 00:00:00,0.010640580636950099,3116316.0394875295
2019-10-07 00:00:00,0.010307901294193865,4158746.8619419793
2019-10-08 00:00:00,0.010900339907994295,11141299.152523974
2019-10-09 00:00:00,0.0123544141440897,22159359.004560392
2019-10-10 00:00:00,0.014343556423973959,36181752.18859697
2019-10-11 00:00:00,0.016159425102899555,42231935.22733198
2019-10-12 00:00:00,0.016065104583166026,62056731.96612217
2019-10-13 00:00:00,0.015589607584215131,38709011.771489926
2019-10-14 00:00:00,0.014976476381847412,18484124.87512351
2019-10-15 00:00:00,0.015251836005200291,42230307.71251894
2019-10-16 00:00:00,0.014360097743323402,18358048.645418357
2019-10-17 00:00:00,0.013919962093687633,16615953.195219364
2019-10-18 00:00:00,0.01428100194497753,13827015.526542163
2019-10-19 00:00:00,0.01335471294032692,12557091.917609824
2019-10-20 00:00:00,0.013841962391857086,8495868.700097747
2019-10-21 00:00:00,0.01383909227637861,8464263.659235574
2019-10-22 00:00:00,0.014900681490320415,22256103.89277729
2019-10-23 00:00:00,0.014503058925983739,17566004.731155492
2019-10-24 00:00:00,0.013262387930048265,20640370.092331193
2019-10-25 00:00:00,0.013513154247534779,17645374.643893924
2019-10-26 00:00:00,0.014343449573140182,29824927.26642518
2019-10-27 00:00:00,0.013531609090456156,38501508.45380221
2019-10-28 00:00:00,0.014028280407172139,27688981.243613377
2019-10-29 00:00:00,0.014085966571278937,25437898.659280915
2019-10-30 00:00:00,0.014057760186646028,20093785.014968686
2019-10-31 00:00:00,0.013414436882867562,13468610.880548574
2019-11-01 00:00:00,0.013570122310788446,13286325.092777632
2019-11-02 00:00:00,0.013759857292902584,10100248.73118002
2019-11-03 00:00:00,0.013555917002926006,8515527.373394335
2019-11-04 00:00:00,0.013511341153248051,7725588.815727885
2019-11-05 00:00:00,0.01429708314795095,20231829.986774568
2019-11-06 00:00:00,0.01470331057647373,23372839.238771744
2019-11-07 00:00:00,0.014434423836348444,15749685.057663452
2019-11-08 00:00:00,0.015092340316366448,21715109.988670856
2019-11-09 00:00:00,0.01438148430968262,19754273.47682162
2019-11-10 00:00:00,0.014915997723122498,14312171.958651345
2019-11-11 00:00:00,0.01570118296183381,15092830.25249344
2019-11-12 00:00:00,0.01537669502413616,16793648.70548645
2019-11-13 00:00:00,0.014886648686227468,16119126.133222269
2019-11-14 00:00:00,0.014931758866844586,7870861.766096907
2019-11-15 00:00:00,0.014425888064952472,8003971.599878048
2019-11-16 00:00:00,0.013826212092728829,10889775.848362004
2019-11-17 00:00:00,0.014382474206857992,7456727.27711619
2019-11-18 00:00:00,0.014305688248747332,8294474.537214542
2019-11-19 00:00:00,0.014014715282937582,9108734.485984886
2019-11-20 00:00:00,0.014843406128068169,18839562.526497822
2019-11-21 00:00:00,0.014316624696292645,15397509.197177256
2019-11-22 00:00:00,0.014251583897216202,15841934.242023388
2019-11-23 00:00:00,0.014030851767592573,23860484.259725347
2019-11-24 00:00:00,0.016697178630383062,38781693.953255124
2019-11-25 00:00:00,0.01511442181153563,37317089.04679189
2019-11-26 00:00:00,0.020193938598043613,81341113.56861728
2019-11-27 00:00:00,0.020771791437875095,80784639.39352107
2019-11-28 00:00:00,0.024420014993418525,72106889.66892205
2019-11-29 00:00:00,0.022733853229903133,52993867.11326881
2019-11-30 00:00:00,0.0244949776581236,29612776.588726174
2019-12-01 00:00:00,0.028654024875429396,57019054.28821102
2019-12-02 00:00:00,0.026435719423702993,52023277.13344165
2019-12-03 00:00:00,0.026354957438810257,41429589.01005738
2019-12-04 00:00:00,0.02928316428480084,71498559.0165737
2019-12-05 00:00:00,0.031907088861719377,63647576.706742704
2019-12-06 00:00:00,0.033049897865125695,72960453.81232205
2019-12-07 00:00:00,0.04118666643588722,101476387.70390213
2019-12-08 00:00:00,0.03888138935384396,85001401.37350877
2019-12-09 00:00:00,0.041366728617037586,65826510.50777672
2019-12-10 00:00:00,0.03401690213303802,61537905.22841449
2019-12-11 00:00:00,0.01731987430461703,341938325.0533977
2019-12-12 00:00:00,0.017842994806230764,61131328.49425307
2019-12-13 00:00:00,0.015741366683339135,49514440.36243547
2019-12-14 00:00:00,0.01598578608193252,26021106.852738056
2019-12-15 00:00:00,0.013641242240613615,32805496.013552867
2019-12-16 00:00:00,0.01421681076660729,27858440.93316338
2019-12-17 00:00:00,0.013224981658118659,28118149.145211272
2019-12-18 00:00:00,0.01207809929429189,24919072.256883934
2019-12-19 00:00:00,0.012671161118267302,24195164.02274621
2019-12-20 00:00:00,0.013102509002780944,12718418.359796759
2019-12-21 00:00:00,0.015438638850463943,56906599.48424781
2019-12-22 00:00:00,0.01801053347270045,61977865.222001225
2019-12-23 00:00:00,0.016180903524844033,103552746.86526215
2019-12-24 00:00:00,0.015027940365994289,40653771.38278901
2019-12-25 00:00:00,0.01616330929856377,23676243.79721427
2019-12-26 00:00:00,0.015629332880358195,29024410.325896002
2019-12-27 00:00:00,0.01558260234161034,17670970.27553093
2019-12-28 00:00:00,0.015248359183685296,15118793.967923675
2019-12-29 00:00:00,0.014961911121049807,8366277.171349835
2019-12-30 00:00:00,0.014739535131173235,12844992.134892678
2019-12-31 00:00:00,0.014274145890964247,6316192.587235819
2020-01-01 00:00:00,0.013764533923905864,10713807.143275363
2020-01-02 00:00:00,0.014922304890283535,20504313.050264783
2020-01-03 00:00:00,0.014646566645597891,26165156.1208537
2020-01-04 00:00:00,0.01511296985136974,14853329.299955897
2020-01-05 00:00:00,0.014849690058685538,10536227.143296752
2020-01-06 00:00:00,0.014803127027605206,8289301.049226495
2020-01-07 00:00:00,0.015531090299231784,16572957.203360556
2020-01-08 00:00:00,0.01506028288498506,17634284.497595046
2020-01-09 00:00:00,0.014943917928196227,16445247.717006003
2020-01-10 00:00:00,0.014572353578154338,9688270.594499543
2020-01-11 00:00:00,0.014893048130727605,10134730.179811496
2020-01-12 00:00:00,0.014764389709480172,8336806.476673441
2020-01-13 00:00:00,0.0149737028279832,6905039.184228297
2020-01-14 00:00:00,0.015471161884340695,9769124.139215583
2020-01-15 00:00:00,0.01568499609329014,31941284.897729583
2020-01-16 00:00:00,0.016294598617753196,29508080.857449055
2020-01-17 00:00:00,0.01604315856635298,22914523.241188373
2020-01-18 00:00:00,0.018730347887818903,72347444.68897879
2020-01-19 00:00:00,0.017440992298508793,31204686.30572917
2020-01-20 00:00:00,0.016371695483491315,26379044.755110078
2020-01-21 00:00:00,0.016847745783316718,18230903.31826403
2020-01-22 00:00:00,0.017137532286990692,22560137.904926546
2020-01-23 00:00:00,0.01707492854819356,13414486.948179707
2020-01-24 00:00:00,0.015919288060841835,15855779.759442955
2020-01-25 00:00:00,0.016198327268023355,14165636.60871185
2020-01-26 00:00:00,0.016077410433812875,11685341.26238482
2020-01-27 00:00:00,0.016445686261904204,10747137.863297159
2020-01-28 00:00:00,0.016847448484504583,19625864.45753112
2020-01-29 00:00:00,0.01710952769061642,20663598.403444715
2020-01-30 00:00:00,0.01700185602033094,16150754.732371392
2020-01-31 00:00:00,0.018604505248394507,34259011.88650341
2020-02-01 00:00:00,0.01789006936023127,24776333.991431013
2020-02-02 00:00:00,0.01828973734820299,12485400.050393539
2020-02-03 00:00:00,0.019172042537958227,26944235.598367445
2020-02-04 00:00:00,0.02230851770289872,66031072.34766809
2020-02-05 00:00:00,0.02109688134926824,65757814.68799107
2020-02-06 00:00:00,0.02136236151118139,50896522.282275274
2020-02-07 00:00:00,0.024450487326421785,77950757.20452404
2020-02-08 00:00:00,0.023114528564988503,61445580.9476112
2020-02-09 00:00:00,0.0211626342416631,73993083.62157409
2020-02-10 00:00:00,0.022002437761398343,44086470.88572015
2020-02-11 00:00:00,0.02160899201441285,43117250.873960346
2020-02-12 00:00:00,0.022788113069265356,36066786.51231338
2020-02-13 00:00:00,0.02292015683687335,62228500.91524823
2020-02-14 00:00:00,0.022232913658895424,45078083.00558369
2020-02-15 00:00:00,0.023219302153597406,42749886.041165985
2020-02-16 00:00:00,0.020798407033847912,47859748.89979068
2020-02-17 00:00:00,0.020216117360524293,47665585.20510039
2020-02-18 00:00:00,0.020028648322064975,37131921.53844168
2020-02-19 00:00:00,0.02150914760412859,40142369.53451841
2020-02-20 00:00:00,0.019951858138063293,16174453.584263068
2020-02-21 00:00:00,0.020649316877981,24033899.12060324
2020-02-22 00:00:00,0.02070010981817818,33670186.68005343
2020-02-23 00:00:00,0.020738147281666508,14530943.250439076
2020-02-24 00:00:00,0.02231384353321984,33653093.507515155
2020-02-25 00:00:00,0.020723549488468544,29642235.185490247
2020-02-26 00:00:00,0.01917063137380871,32359171.633686792
2020-02-27 00:00:00,0.01847680616610065,36069605.72243122
2020-02-28 00:00:00,0.019599898561576096,33735101.832616456
2020-02-29 00:00:00,0.020219527585624546,35504463.29999514
2020-03-01 00:00:00,0.020186743742056392,33641423.59929505
2020-03-02 00:00:00,0.019450363861492063,30863594.50934271
2020-03-03 00:00:00,0.02132082403555631,31247796.868668746
2020-03-04 00:00:00,0.023597079673922924,51054811.57528579
2020-03-05 00:00:00,0.024736986304291428,99369845.99842194
2020-03-06 00:00:00,0.026267287608054333,80146249.31486046
2020-03-07 00:00:00,0.02487677697584588,56319292.95946778
2020-03-08 00:00:00,0.026878879616722515,89597330.78645816
2020-03-09 00:00:00,0.02151045077745613,73503295.59268169
2020-03-10 00:00:00,0.020428526568478562,81828096.34831317
2020-03-11 00:00:00,0.020592592363823724,65191499.53149641
2020-03-12 00:00:00,0.019013712954270647,70274599.55873571
2020-03-13 00:00:00,0.009433733700523512,61249765.88398664
2020-03-14 00:00:00,0.010752261621527771,51804649.69117783
2020-03-15 00:00:00,0.009872529360329564,21397097.235341568
2020-03-16 00:00:00,0.0098792848013721,21270124.20333451
2020-03-17 00:00:00,0.008165692859318226,25809858.381234463
2020-03-18 00:00:00,0.009262443899462723,23873265.506437875
2020-03-19 00:00:00,0.00912367247367838,21163580.874724053
2020-03-20 00:00:00,0.01118450687893067,35358713.94375756
2020-03-21 00:00:00,0.010818518552931191,34080699.93506022
2020-03-22 00:00:00,0.01110287195064533,22169117.10271543
2020-03-23 00:00:00,0.010058751367945245,15233623.814708106
2020-03-24 00:00:00,0.011173782129145013,17123548.46057201
2020-03-25 00:00:00,0.011275893520004195,17313286.336827982
2020-03-26 00:00:00,0.011477450665353918,13732008.26323351
2020-03-27 00:00:00,0.01191946664753606,16360973.920215048
2020-03-28 00:00:00,0.010799450772229985,9423028.527680185
2020-03-29 00:00:00,0.010667359469437662,13793676.264683817
2020-03-30 00:00:00,0.01006954671692075,9957347.11676698
2020-03-31 00:00:00,0.01078092436581924,13909225.400530994
2020-04-01 00:00:00,0.011011991489768544,12392526.31884813
2020-04-02 00:00:00,0.011270735259214534,18642241.875610434
2020-04-03 00:00:00,0.011537449057245583,21342034.953552004
2020-04-04 00:00:00,0.011536187443540558,15226623.499920247
2020-04-05 00:00:00,0.011738520575620892,12395096.685994172
2020-04-06 00:00:00,0.011447088107986819,11350742.658515425
2020-04-07 00:00:00,0.013404483360208925,38890338.67383947
2020-04-08 00:00:00,0.012899687300684335,39050181.06942375
2020-04-09 00:00:00,0.013728736715014315,28331467.55324822
2020-04-10 00:00:00,0.01351101946723529,21649893.915227927
2020-04-11 00:00:00,0.012015275957810536,23295806.32939612
2020-04-12 00:00:00,0.012222629702698409,16716585.320677117
2020-04-13 00:00:00,0.012226803214930521,14541371.446175894
2020-04-14 00:00:00,0.012029996719812286,11129979.293923346
2020-04-15 00:00:00,0.012190535928328557,17356709.223985635
2020-04-16 00:00:00,0.01164680462945934,9331259.727339704
2020-04-17 00:00:00,0.012579577220395512,13997754.142292388
2020-04-18 00:00:00,0.01276818077539087,12465755.236856949
2020-04-19 00:00:00,0.0134126450742875,12194723.068443824
2020-04-20 00:00:00,0.012957783041463854,14643558.857501974
2020-04-21 00:00:00,0.01207716911987609,14670525.722409295
2020-04-22 00:00:00,0.012009737272868967,12296674.80674778
2020-04-23 00:00:00,0.012783154440848219,10377552.099236086
2020-04-24 00:00:00,0.014130002706597557,29767404.55448417
2020-04-25 00:00:00,0.014672320797617017,34698353.328964524
2020-04-26 00:00:00,0.01507123388736975,22422727.277526923
2020-04-27 00:00:00,0.015630479854707106,24489995.22131922
2020-04-28 00:00:00,0.015424723598786303,21920142.193466313
2020-04-29 00:00:00,0.015656324374923505,14330601.233418537
2020-04-30 00:00:00,0.01643478935943147,36019670.48282368
2020-05-01 00:00:00,0.015435200273453449,33517357.112002846
2020-05-02 00:00:00,0.015880361955037163,18653132.469905782
2020-05-03 00:00:00,0.016907776092232048,20412471.423215643
2020-05-04 00:00:00,0.017112070737695082,33791176.577017464
2020-05-05 00:00:00,0.016952151979320238,29694952.47048614
2020-05-06 00:00:00,0.016966759145876077,17543028.861187544
2020-05-07 00:00:00,0.017047361197097346,27652319.719564136
2020-05-08 00:00:00,0.017426513765292223,30659849.1034761
2020-05-09 00:00:00,0.017880742814069105,26097397.107567154
2020-05-10 00:00:00,0.017262676176305787,21407525.667399816
2020-05-11 00:00:00,0.015371296335348237,39906909.57516294
2020-05-12 00:00:00,0.015036472323578735,30580545.07854609
2020-05-13 00:00:00,0.016908281953927084,42499623.01696727
2020-05-14 00:00:00,0.019222960990041487,58637596.194269665
2020-05-15 00:00:00,0.019043268005814754,68611576.84220096
2020-05-16 00:00:00,0.018084279241414408,39782503.25334464
2020-05-17 00:00:00,0.02003075948907017,42893039.44303822
2020-05-18 00:00:00,0.020261019132713262,27418119.44193514
2020-05-19 00:00:00,0.020588680912678202,28398879.609036174
2020-05-20 00:00:00,0.02217760761957994,56333738.26738069
2020-05-21 00:00:00,0.02083440348925488,43371532.96225031
2020-05-22 00:00:00,0.019211381065053212,42411059.04391778
2020-05-23 00:00:00,0.019934234106804248,27202628.03948504
2020-05-24 00:00:00,0.020065128681545724,23929080.48296451
2020-05-25 00:00:00,0.019427388590226736,42056076.86202805
2020-05-26 00:00:00,0.021183088359893396,40954089.458595216
2020-05-27 00:00:00,0.025857382925147127,108953532.94151632
2020-05-28 00:00:00,0.024356657445441063,109364893.92664184
2020-05-29 00:00:00,0.02511207733256839,70544208.69608073
2020-05-30 00:00:00,0.02588552168170099,61686033.61421387
2020-05-31 00:00:00,0.02396138642440334,64304969.477114566
2020-06-01 00:00:00,0.020384645335239173,88350182.24108803
2020-06-02 00:00:00,0.021787891636921634,64245651.01421482
2020-06-03 00:00:00,0.02096239179679365,51453760.006964326
2020-06-04 00:00:00,0.021708782599413223,29545401.45334526
2020-06-05 00:00:00,0.021457192560671107,34163772.43626729
2020-06-06 00:00:00,0.020522694920549363,28837522.882745232
2020-06-07 00:00:00,0.020640850444044897,18448017.99356132
2020-06-08 00:00:00,0.020295905004263468,21685499.498100333
2020-06-09 00:00:00,0.020275279268322028,14203268.549049903
2020-06-10 00:00:00,0.020169433454384086,13032339.846645245
2020-06-11 00:00:00,0.021315483234445834,40968426.22466148
2020-06-12 00:00:00,0.019842102481020224,33045214.528285377
2020-06-13 00:00:00,0.020407284959808824,17600418.10290585
2020-06-14 00:00:00,0.020637138227303724,13988798.219314726
2020-06-15 00:00:00,0.02054327783416473,24981443.268688105
2020-06-16 00:00:00,0.02048275094973528,25137143.05893476
2020-06-17 00:00:00,0.020597689449274748,17390124.884716384
2020-06-18 00:00:00,0.020749442412855926,21647473.894717526
2020-06-19 00:00:00,0.020422844712466897,15722976.855710143
2020-06-20 00:00:00,0.02020727155489043,15600231.801536107
2020-06-21 00:00:00,0.022569769087859178,38316068.348937765
2020-06-22 00:00:00,0.021372175334946248,36890834.52060902
2020-06-23 00:00:00,0.022051791387317395,27632827.2946973
2020-06-24 00:00:00,0.02263289892827676,20933372.17479938
2020-06-25 00:00:00,0.02226114606450011,24204954.57776012
2020-06-26 00:00:00,0.02164386789349562,17203243.586693253
2020-06-27 00:00:00,0.02086841119686257,20176252.482299455
2020-06-28 00:00:00,0.01943119355162354,20454447.99958585
2020-06-29 00:00:00,0.020000761536225924,21700409.158315845
2020-06-30 00:00:00,0.01965359379056564,22245016.210457478
2020-07-01 00:00:00,0.018981178894421087,11981680.080934333
2020-07-02 00:00:00,0.018701821373684778,23037794.559772372
2020-07-03 00:00:00,0.01887574155367975,16765308.350575922
2020-07-04 00:00:00,0.019255359201248386,16892652.00598097
2020-07-05 00:00:00,0.019552535358579412,10798703.12228828
2020-07-06 00:00:00,0.019088849027319943,13360864.213763451
2020-07-07 00:00:00,0.019958365002096863,15841089.297413843
2020-07-08 00:00:00,0.020118772556316857,20957945.02930877
2020-07-09 00:00:00,0.021589390539013105,33561711.237509355
2020-07-10 00:00:00,0.020593584046673424,27862827.978322342
2020-07-11 00:00:00,0.0211408565773767,21973094.150485754
2020-07-12 00:00:00,0.021420926558344527,12761465.977783892
2020-07-13 00:00:00,0.021204145618393122,11461288.774916682
2020-07-14 00:00:00,0.022353980969180898,36280162.49996699
2020-07-15 00:00:00,0.022359249644741033,19836564.42948985
2020-07-16 00:00:00,0.022359983177312796,24658283.202381372
2020-07-17 00:00:00,0.020918888747176827,23410612.279438157
2020-07-18 00:00:00,0.021201702812911165,11560933.679764077
2020-07-19 00:00:00,0.0215282064840525,9014516.612179626
2020-07-20 00:00:00,0.021255352881707087,10604757.01468285
2020-07-21 00:00:00,0.02160111803213494,25180271.804914206
2020-07-22 00:00:00,0.021303427269811753,17694528.523241635
2020-07-23 00:00:00,0.021204575768353797,11791999.478285518
2020-07-24 00:00:00,0.021167275828035285,9486898.132569877
2020-07-25 00:00:00,0.02062644097848558,11432022.11417822
2020-07-26 00:00:00,0.02088766711558856,9822414.153433952
2020-07-27 00:00:00,0.02075433921756086,13005944.137947047
2020-07-28 00:00:00,0.0198611787817334,30514081.58887409
2020-07-29 00:00:00,0.02048820478590714,24573097.389806595
2020-07-30 00:00:00,0.020281696602927606,15459977.99238264
2020-07-31 00:00:00,0.020434360436995806,13961239.575617414
2020-08-01 00:00:00,0.0203329935345713,11445887.546167621
2020-08-02 00:00:00,0.02100224964267789,15697021.498230793
2020-08-03 00:00:00,0.0200382379809269,13954050.526558787
2020-08-04 00:00:00,0.020442025235747025,11405905.755938767
2020-08-05 00:00:00,0.020649407275890166,9368871.599024795
2020-08-06 00:00:00,0.021510350984462804,18302333.25738078
2020-08-07 00:00:00,0.021704276420790255,16917053.27360192
2020-08-08 00:00:00,0.02133462061177145,12961754.76005711
2020-08-09 00:00:00,0.022844582355992474,18450536.36092956
2020-08-10 00:00:00,0.022713705570168122,22316147.032925673
2020-08-11 00:00:00,0.024279212434191785,29025315.692512378
2020-08-12 00:00:00,0.023067816075828005,43124348.11193884
2020-08-13 00:00:00,0.02560721261871887,28057198.084871896
2020-08-14 00:00:00,0.02716297790728688,59211362.697080314
2020-08-15 00:00:00,0.028215237875212594,32878217.428457495
2020-08-16 00:00:00,0.029976478250360074,62309839.45215691
2020-08-17 00:00:00,0.030138516485523178,32303413.66678273
2020-08-18 00:00:00,0.02889781731663652,52929056.164263606
2020-08-19 00:00:00,0.02681713414151273,33305891.584992845
2020-08-20 00:00:00,0.02487528208712424,32365643.622047596
2020-08-21 00:00:00,0.02668108439100695,22158468.474215567
2020-08-22 00:00:00,0.024969544902357192,31427836.439063977
2020-08-23 00:00:00,0.026076959470715807,19624219.561753295
2020-08-24 00:00:00,0.025341772052543565,10661072.212880287
2020-08-25 00:00:00,0.02796481640263175,26518018.73482229
2020-08-26 00:00:00,0.025874826740140563,21324995.386549994
2020-08-27 00:00:00,0.02688295025409346,21554527.74653003
2020-08-28 00:00:00,0.025728617923717445,18313345.730522845
2020-08-29 00:00:00,0.02682205413526285,11552718.774963379
2020-08-30 00:00:00,0.027637832315162005,18503185.491906628
2020-08-31 00:00:00,0.02721483040644624,15997642.861756328
2020-09-01 00:00:00,0.0266169818262307,14518132.972764047
2020-09-02 00:00:00,0.025631795897721476,18268026.04741732
2020-09-03 00:00:00,0.023544650333135065,23511217.29693434
2020-09-04 00:00:00,0.01925562637351672,19712084.832457587
2020-09-05 00:00:00,0.019429452735267812,20356501.58857557
2020-09-06 00:00:00,0.018034349080880595,15872237.85103611
2020-09-07 00:00:00,0.01882855047996431,10895932.213514173
2020-09-08 00:00:00,0.018868366159746033,10491919.798917934
2020-09-09 00:00:00,0.018223109863000034,8344260.574434052
2020-09-10 00:00:00,0.020130034007059434,16887212.32264951
2020-09-11 00:00:00,0.02045149976785497,12567263.694234189
2020-09-12 00:00:00,0.021261657302249434,11236729.831409046
2020-09-13 00:00:00,0.020937128779961844,9215642.776730252
2020-09-14 00:00:00,0.019800776846394363,12776941.723488456
2020-09-15 00:00:00,0.020104497200112016,9769581.178492209
2020-09-16 00:00:00,0.02041065754991424,16804788.226923455
2020-09-17 00:00:00,0.019904559985045294,11826080.934091147
2020-09-18 00:00:00,0.020399174228416948,13948706.852830749
2020-09-19 00:00:00,0.021064448271313728,18043812.96280309
2020-09-20 00:00:00,0.02088932487746973,9509977.455648331
2020-09-21 00:00:00,0.02188390296048471,16289429.308550067
2020-09-22 00:00:00,0.018930259872443688,30331722.132962238
2020-09-23 00:00:00,0.019624763562655276,8462496.377787841
2020-09-24 00:00:00,0.01773658144812406,9968564.613598231
2020-09-25 00:00:00,0.01897482216265004,10175194.653963981
2020-09-26 00:00:00,0.01910358815260085,8582585.621955661
2020-09-27 00:00:00,0.018912307088466213,6891469.90068613
2020-09-28 00:00:00,0.01876114739351418,8521691.99073061
2020-09-29 00:00:00,0.01889390977359841,16963440.179417428
2020-09-30 00:00:00,0.01966613261470395,10872262.077917384
2020-10-01 00:00:00,0.020118862215601857,9684105.777167745
2020-10-02 00:00:00,0.01896173940538398,14736445.460651383
2020-10-03 00:00:00,0.018236208087922187,9450359.841421643
2020-10-04 00:00:00,0.018498907016112582,5371810.389634664
2020-10-05 00:00:00,0.018559641824416467,5536939.733483986
2020-10-06 00:00:00,0.018815050937510798,5653050.861029152
2020-10-07 00:00:00,0.017167675962667005,8999098.818212043
2020-10-08 00:00:00,0.01691535874895552,8588623.318492863
2020-10-09 00:00:00,0.01661740608770725,12129400.796901789
2020-10-10 00:00:00,0.017077636356679464,9914888.844632871
2020-10-11 00:00:00,0.017189071485077353,8508100.19789001
2020-10-12 00:00:00,0.01780519158811393,6216598.7188089965
2020-10-13 00:00:00,0.017865166467830047,9021148.977894736
2020-10-14 00:00:00,0.0176642332142439,6440785.520576427
2020-10-15 00:00:00,0.017249153828043904,5324181.759476339
2020-10-16 00:00:00,0.01720500997242905,6026819.922247374
2020-10-17 00:00:00,0.01624999824020287,6622879.18426289
2020-10-18 00:00:00,0.016752562281284036,4935940.307920771
2020-10-19 00:00:00,0.016860814391643452,4683431.843982061
2020-10-20 00:00:00,0.016197515260616118,6330955.823309995
2020-10-21 00:00:00,0.015555442484681334,23456470.861811236
2020-10-22 00:00:00,0.0163413856894511,14396472.499543093
2020-10-23 00:00:00,0.017369766844103674,12871073.2820436
2020-10-24 00:00:00,0.017028318195485077,7177012.954944134
2020-10-25 00:00:00,0.01764069315183314,6260818.107295178
2020-10-26 00:00:00,0.01718692026745318,7179104.086083683
2020-10-27 00:00:00,0.016525106405696908,8920967.160418317
2020-10-28 00:00:00,0.015816836802781536,11956419.203865366
2020-10-29 00:00:00,0.015113380122521598,8876005.15877089
2020-10-30 00:00:00,0.013851278967188286,8799049.804545188
2020-10-31 00:00:00,0.013935644337365863,10505146.990690038
2020-11-01 00:00:00,0.013722507259146132,5718753.053339618
2020-11-02 00:00:00,0.014106362426677496,5427039.7479678625
2020-11-03 00:00:00,0.013689973803890813,5990905.253216825
2020-11-04 00:00:00,0.012728945604033731,8357623.350712618
2020-11-05 00:00:00,0.012245468014036242,8133341.5549848
2020-11-06 00:00:00,0.013508324962605008,10548826.8311661
2020-11-07 00:00:00,0.015449502738714736,18146529.70530989
2020-11-08 00:00:00,0.014361253645412684,18155079.052534506
2020-11-09 00:00:00,0.01575413029073429,10851267.733777268
2020-11-10 00:00:00,0.015626799960942638,11079817.641918594
2020-11-11 00:00:00,0.017281963591574776,17856499.259121638
2020-11-12 00:00:00,0.016574705007024456,9684852.220111348
2020-11-13 00:00:00,0.015845198572097773,10183663.36375583
2020-11-14 00:00:00,0.016854076011430914,7801802.353501285
2020-11-15 00:00:00,0.016723843060057846,5637551.664006557
2020-11-16 00:00:00,0.01641941789743346,7356047.193604157
2020-11-17 00:00:00,0.016618834011457053,6622711.199901934
2020-11-18 00:00:00,0.01783147331596782,15411574.510605682
2020-11-19 00:00:00,0.017093581834387202,15378902.904515702
2020-11-20 00:00:00,0.017232796049419474,12203249.40535635
2020-11-21 00:00:00,0.01783710069768377,12407964.07325841
2020-11-22 00:00:00,0.019743967079452845,19147165.039011575
2020-11-23 00:00:00,0.01917954814395384,22305920.307012625
2020-11-24 00:00:00,0.02112417119639252,25334654.270092074
2020-11-25 00:00:00,0.021564598581799082,28665858.086835474
2020-11-26 00:00:00,0.021419418287918084,25576496.47122319
2020-11-27 00:00:00,0.017757409286024057,30021815.99862303
2020-11-28 00:00:00,0.01772260706348374,10074938.012676496
2020-11-29 00:00:00,0.01872295504932858,9265440.95486034
2020-11-30 00:00:00,0.018803166704911087,9252437.320627633
2020-12-01 00:00:00,0.019465782110411903,13198889.37839245
2020-12-02 00:00:00,0.018737775886624737,15020130.091099486
2020-12-03 00:00:00,0.019363961077213707,9100394.762020832
2020-12-04 00:00:00,0.020790836291500494,14720639.349955916
2020-12-05 00:00:00,0.018927864806164017,15475340.827633336
2020-12-06 00:00:00,0.01968485964394236,9264980.790003862
2020-12-07 00:00:00,0.019544071026225573,8591213.770096442
2020-12-08 00:00:00,0.01926493478385409,6097664.344337713
2020-12-09 00:00:00,0.017659070697669546,9249804.915393809
2020-12-10 00:00:00,0.018138437219644542,11348486.412556874
2020-12-11 00:00:00,0.01780182433195406,10449485.737620354
2020-12-12 00:00:00,0.017572597936687057,8008566.7571520535
2020-12-13 00:00:00,0.01793474600042023,6235214.231436527
2020-12-14 00:00:00,0.01815210988596128,5644047.895983149
2020-12-15 00:00:00,0.018409603042330205,6599250.319054901
2020-12-16 00:00:00,0.01952809043580167,14914642.77932577
2020-12-17 00:00:00,0.019445703319456036,13211155.637590902
2020-12-18 00:00:00,0.01901335334465339,19553927.731794987
2020-12-19 00:00:00,0.02059890901183303,14132734.502459446
2020-12-20 00:00:00,0.0199937848252072,18002724.770340465
2020-12-21 00:00:00,0.01921912051431915,11285502.623750187
2020-12-22 00:00:00,0.018246771486635678,11197079.626055302
2020-12-23 00:00:00,0.018706757202015357,8655443.660381107
2020-12-24 00:00:00,0.015362831029245879,15216781.79512643
2020-12-25 00:00:00,0.016484056990626588,10478920.98002705
2020-12-26 00:00:00,0.01661314535982658,9404585.02317088
2020-12-27 00:00:00,0.019317507809037536,16961522.702399597
2020-12-28 00:00:00,0.018390193903932397,19829861.25625948
2020-12-29 00:00:00,0.01894935853895571,13186038.04599964
2020-12-30 00:00:00,0.0184852785768305,11772506.543779844
2020-12-31 00:00:00,0.018151044672524746,10251337.233696166
2021-01-01 00:00:00,0.017591425479418044,11060707.059224544
2021-01-02 00:00:00,0.017835341356914416,10860734.818163196
2021-01-03 00:00:00,0.019044849046885647,18874516.683166202
2021-01-04 00:00:00,0.0199551095767846,19922331.924040448
2021-01-05 00:00:00,0.02372012318769989,47150426.368003
2021-01-06 00:00:00,0.02451036926318054,64990809.52935813
2021-01-07 00:00:00,0.03489382416730843,165847047.24219996
2021-01-08 00:00:00,0.033013958608264615,129307158.3497787
2021-01-09 00:00:00,0.0317023682105186,104462245.11156933
2021-01-10 00:00:00,0.03358631445863765,96516758.36425988
2021-01-11 00:00:00,0.03042168693976294,76396986.71329752
2021-01-12 00:00:00,0.026039878633699266,57146035.400214195
2021-01-13 00:00:00,0.026246355851997027,47544669.70738168
2021-01-14 00:00:00,0.030104752926420758,42907545.84453304
2021-01-15 00:00:00,0.03281826324349183,38146195.109804794
2021-01-16 00:00:00,0.03392528639237543,88337107.33170934
2021-01-17 00:00:00,0.03289809501240734,49378931.67994344
2021-01-18 00:00:00,0.03399423639597951,82036632.33561128
2021-01-19 00:00:00,0.03604052637287162,89411150.11695798
2021-01-20 00:00:00,0.032771021419746936,79577315.26875564
2021-01-21 00:00:00,0.03444886651188368,70986143.97796616
2021-01-22 00:00:00,0.028762051460322204,59521841.05345767
2021-01-23 00:00:00,0.031354068334303764,37462054.99224819
2021-01-24 00:00:00,0.034051996581474064,56977447.71547041
2021-01-25 00:00:00,0.033224695828565645,34717166.87387588
2021-01-26 00:00:00,0.03314900499603873,38690467.45705839
2021-01-27 00:00:00,0.04321873274489467,203004518.0618844
2021-01-28 00:00:00,0.04203599655737065,171503639.46167094
2021-01-29 00:00:00,0.038761282788267,89353523.91675669
2021-01-30 00:00:00,0.040275242828928165,96196293.52815863
2021-01-31 00:00:00,0.03972360913524648,86723297.20025551
2021-02-01 00:00:00,0.03819255849804683,43349697.79288436
2021-02-02 00:00:00,0.04075937572029639,49235900.51491118
2021-02-03 00:00:00,0.041027954686022716,33193757.135552425
2021-02-04 00:00:00,0.043991962284252034,43421250.34278873
2021-02-05 00:00:00,0.04723466836465532,84437263.73528981
2021-02-06 00:00:00,0.05542882145256626,120227756.34617662
2021-02-07 00:00:00,0.05227151682155022,92422423.97045133
2021-02-08 00:00:00,0.06721440274262823,168858414.85206676
2021-02-09 00:00:00,0.07177912589690887,265435995.91643947
2021-02-10 00:00:00,0.09872013499405008,366127293.86548114
2021-02-11 00:00:00,0.11668717655466238,826317781.3263359
2021-02-12 00:00:00,0.12372854280554764,313404032.2905835
2021-02-13 00:00:00,0.1212949520715051,209198934.30059168
2021-02-14 00:00:00,0.1112709282742705,179413286.255641
2021-02-15 00:00:00,0.10069450352883463,149612025.5340069
2021-02-16 00:00:00,0.10649802140770825,249852146.05812177
2021-02-17 00:00:00,0.1088202124281014,158931927.46330234
2021-02-18 00:00:00,0.11221766825746009,187372418.1057504
2021-02-19 00:00:00,0.12324980625448415,254597009.402998
2021-02-20 00:00:00,0.15705579011204124,371302824.34629434
2021-02-21 00:00:00,0.1459451499886792,871489994.3496522
2021-02-22 00:00:00,0.16154265245380975,440694551.40309197
2021-02-23 00:00:00,0.15174007396413275,360795726.94017035
2021-02-24 00:00:00,0.13754087635302362,475988612.2433206
2021-02-25 00:00:00,0.1599495135153836,423349307.2827237
2021-02-26 00:00:00,0.17484923330730637,737795076.8811241
2021-02-27 00:00:00,0.19044745781136815,669101302.6275858
2021-02-28 00:00:00,0.19950905863378426,652603920.9264362
2021-03-01 00:00:00,0.2244918074340248,686388221.8641996
2021-03-02 00:00:00,0.2477236316798054,717158857.2889978
2021-03-03 00:00:00,0.22932155596233977,383727452.91274893
2021-03-04 00:00:00,0.22460813965482138,260496330.14647692
2021-03-05 00:00:00,0.20060999928043455,262168130.55536193
2021-03-06 00:00:00,0.21516599371593598,260528705.65593547
2021-03-07 00:00:00,0.21327963753245788,159403340.39061546
2021-03-08 00:00:00,0.21318008866845287,123992580.7695333
2021-03-09 00:00:00,0.21748949244830643,135478175.54050556
2021-03-10 00:00:00,0.2987132778715917,735123670.9519829
2021-03-11 00:00:00,0.28843710797085426,804020544.0714649
2021-03-12 00:00:00,0.40904608341418536,1717845546.7894144
2021-03-13 00:00:00,0.4123820626961023,1728595245.6005354
2021-03-14 00:00:00,0.4229744479804992,904427909.5707891
2021-03-15 00:00:00,0.38549729805844574,570706856.2754697
2021-03-16 00:00:00,0.393348427963397,656875144.0578285
2021-03-17 00:00:00,0.3738015332972073,443800441.6329204
2021-03-18 00:00:00,0.40666339391528494,723671072.0802475
2021-03-19 00:00:00,0.3932201236700522,420160956.6170545
2021-03-20 00:00:00,0.4071818289009922,342451704.1164859
2021-03-21 00:00:00,0.38501006701581214,282094155.4750677
2021-03-22 00:00:00,0.3809386198400089,282163630.2651155
2021-03-23 00:00:00,0.3476482140456271,261404314.62184733
2021-03-24 00:00:00,0.3315024546836521,256733803.42826197
2021-03-25 00:00:00,0.3252267123005764,383617908.4409635
2021-03-26 00:00:00,0.3004062144390178,276241603.68507314
2021-03-27 00:00:00,0.33664651643617843,271250549.40427524
2021-03-28 00:00:00,0.3329334115584507,232330850.04508552
2021-03-29 00:00:00,0.3442436009777769,243437749.17740086
2021-03-30 00:00:00,0.3822931806059165,655748549.4402972
2021-03-31 00:00:00,0.37007963469856736,311065437.87510747
2021-04-01 00:00:00,0.35942530576763804,336976081.7743096
2021-04-02 00:00:00,0.36412617001674663,246934364.95325956
2021-04-03 00:00:00,0.3825109750617398,320405134.0106454
2021-04-04 00:00:00,0.3519967958488334,268186087.02145046
2021-04-05 00:00:00,0.3617382457447867,194056778.1220816
2021-04-06 00:00:00,0.36934305498029235,263394859.88333777
2021-04-07 00:00:00,0.37581894247366526,360274129.7248065
2021-04-08 00:00:00,0.33974236699001703,315682605.6859682
2021-04-09 00:00:00,0.3559855267951736,189835410.1219389
2021-04-10 00:00:00,0.36628292102680887,233117546.36421075
2021-04-11 00:00:00,0.35958265491617325,199253707.12983286
2021-04-12 00:00:00,0.3676122039318954,156012159.64842397
2021-04-13 00:00:00,0.35852853360075826,165191846.8421606
2021-04-14 00:00:00,0.4220019305484066,763683474.2986358
2021-04-15 00:00:00,0.4124667877124522,579430867.0640074
2021-04-16 00:00:00,0.4422617061946528,533662174.352203
2021-04-17 00:00:00,0.42977220813789685,468332098.9728404
2021-04-18 00:00:00,0.40621897467877505,274435772.90034395
2021-04-19 00:00:00,0.3644324357589403,463913855.98462665
2021-04-20 00:00:00,0.3266754095884679,250862290.76505473
2021-04-21 00:00:00,0.34098365911793244,290186072.99312174
2021-04-22 00:00:00,0.35991363307887014,313038334.2230001
2021-04-23 00:00:00,0.354652042271368,790862916.4129838
2021-04-24 00:00:00,0.3835693936471935,552995934.3221701
2021-04-25 00:00:00,0.3563955640759478,256957270.76298842
2021-04-26 00:00:00,0.3839559156429678,411150476.942008
2021-04-27 00:00:00,0.5373764546454659,2110047231.926342
2021-04-28 00:00:00,0.8315061002083352,2232499080.981879
2021-04-29 00:00:00,0.7729177976916533,4956516495.826258
2021-04-30 00:00:00,0.8831175732119276,3502606382.8084974
2021-05-01 00:00:00,0.8261615352020686,2380225742.9536
2021-05-02 00:00:00,0.7875362529503876,1171555946.9902673
2021-05-03 00:00:00,0.8185651148701645,934369931.743324
2021-05-04 00:00:00,0.7966937769104814,961051027.9186796
2021-05-05 00:00:00,0.7045709299177829,930183827.1490481
2021-05-06 00:00:00,0.8146377716508518,1070712992.2264373
2021-05-07 00:00:00,0.7579205745479414,689778615.07347
2021-05-08 00:00:00,0.7509821453944433,682630707.1775693
2021-05-09 00:00:00,0.8490095868166898,887144265.3546338
2021-05-10 00:00:00,0.9703296306074994,3742361969.2543125
2021-05-11 00:00:00,0.8806570303630454,1564514780.1801527
2021-05-12 00:00:00,1.0763554101056825,2007918927.7579336
2021-05-13 00:00:00,1.0888355070559748,3218679115.1535134
2021-05-14 00:00:00,1.0552320644375222,2517230576.8066654
2021-05-15 00:00:00,1.4668060668810836,3554597434.4649096
2021-05-16 00:00:00,1.6143253458322355,6792729903.755114
2021-05-17 00:00:00,1.7128030277047257,3836987276.6557546
2021-05-18 00:00:00,1.70361185988255,3723573265.949902
2021-05-19 00:00:00,2.450046072959683,9357699828.93366
2021-05-20 00:00:00,1.6960914611755393,10860942519.364164
2021-05-21 00:00:00,1.824127372312073,6597673302.762375
2021-05-22 00:00:00,1.4815581257493151,4484214166.060791
2021-05-23 00:00:00,1.1999327819551722,3147802480.8698926
2021-05-24 00:00:00,1.1005102125279627,4461492655.200852
2021-05-25 00:00:00,1.7001255799978645,10801640188.672688
2021-05-26 00:00:00,1.9260222020477578,7733616834.401526
2021-05-27 00:00:00,2.2155952356600723,10105637470.648245
2021-05-28 00:00:00,2.0358507817158036,6505011267.258314
2021-05-29 00:00:00,1.8306479823761217,6389448323.10517
2021-05-30 00:00:00,1.6878841644271447,4315270833.783801
2021-05-31 00:00:00,1.8434566557283312,5050604850.9862385
2021-06-01 00:00:00,1.8780554995025946,3836091187.615281
2021-06-02 00:00:00,1.825050441617648,2863996954.750881
2021-06-03 00:00:00,1.8038075779183416,2102683910.3844256
2021-06-04 00:00:00,1.8304964281986098,1805657113.9373755
2021-06-05 00:00:00,1.6305791718399385,2955479134.946976
2021-06-06 00:00:00,1.5228001820666366,1771200361.1287386
2021-06-07 00:00:00,1.5791349919276858,1205866410.288599
2021-06-08 00:00:00,1.4767238926172215,2238372756.044581
2021-06-09 00:00:00,1.4847872663702508,3016747199.1667347
2021-06-10 00:00:00,1.5000433477493855,2202132307.8584986
2021-06-11 00:00:00,1.3639399984727163,1274996833.9169436
2021-06-12 00:00:00,1.2514829691864602,1109446558.1417017
2021-06-13 00:00:00,1.3496685354488898,1856898584.7819512
2021-06-14 00:00:00,1.4716437917918255,1862759356.3061032
2021-06-15 00:00:00,1.5488047347428302,1943301935.8055902
2021-06-16 00:00:00,1.6410342718604691,2609137537.9364057
2021-06-17 00:00:00,1.4731862253224228,1770554159.1149285
2021-06-18 00:00:00,1.508973001754562,1312080524.0128593
2021-06-19 00:00:00,1.378275296130996,1477772950.9856296
2021-06-20 00:00:00,1.3605233337656883,1047024204.262174
2021-06-21 00:00:00,1.4002466497178738,1165109947.5215404
2021-06-22 00:00:00,1.099956154135801,1807612654.80781
2021-06-23 00:00:00,1.0709890189890185,3043192425.489179
2021-06-24 00:00:00,1.1758463602123723,1676649092.794008
2021-06-25 00:00:00,1.202553773471919,1084435562.7993255
2021-06-26 00:00:00,1.0532136995590675,1133931485.9923031
2021-06-27 00:00:00,1.0620450576168892,934082280.057463
2021-06-28 00:00:00,1.1081352857924678,788601637.1750247
2021-06-29 00:00:00,1.1264268348819002,836895696.8182393
2021-06-30 00:00:00,1.1747864213810202,1089210964.6277514
2021-07-01 00:00:00,1.1634901892536005,873591818.5431504
2021-07-02 00:00:00,1.0807201863761187,657715146.4156377
2021-07-03 00:00:00,1.107611138196442,524708661.26605654
2021-07-04 00:00:00,1.1158950657247686,466895417.98029363
2021-07-05 00:00:00,1.1483834436861906,554696963.7100878
2021-07-06 00:00:00,1.1052128173949225,558428295.1650562
2021-07-07 00:00:00,1.1300219469721435,615326977.7451727
2021-07-08 00:00:00,1.1297272232840565,631685509.5007211
2021-07-09 00:00:00,1.0446776788050856,601435631.9628985
2021-07-10 00:00:00,1.0588512504571967,498045413.90380096
2021-07-11 00:00:00,1.035074907863297,362405143.5832112
2021-07-12 00:00:00,1.0445869839999669,261946721.76156998
2021-07-13 00:00:00,0.9990179149448044,452794199.99202013
2021-07-14 00:00:00,0.9438397001325481,398497433.12912613
2021-07-15 00:00:00,0.9293273472867062,567227034.1823567
2021-07-16 00:00:00,0.8744938725343908,410231684.0578732
2021-07-17 00:00:00,0.8120923000047461,401531566.77866703
2021-07-18 00:00:00,0.8025229012916089,378756494.7509709
2021-07-19 00:00:00,0.8019780427595211,348458406.29482836
2021-07-20 00:00:00,0.7366314857186991,344240693.83111805
2021-07-21 00:00:00,0.6981700990573925,904449294.0448164
2021-07-22 00:00:00,0.8916623627080229,2068269781.3720164
2021-07-23 00:00:00,0.8901569748965514,1343919613.8488762
2021-07-24 00:00:00,0.9428418592847553,937587925.019327
2021-07-25 00:00:00,0.9509409955844256,732607141.6826499
2021-07-26 00:00:00,0.9410673998391076,569673931.1617043
2021-07-27 00:00:00,1.0153513218201253,1874618892.760483
2021-07-28 00:00:00,1.0369364534001728,1380782350.6786478
2021-07-29 00:00:00,1.0173656428197033,1076535715.8838995
2021-07-30 00:00:00,1.0309232961367543,447798134.6361902
2021-07-31 00:00:00,1.0557612252147095,708968914.5638876
2021-08-01 00:00:00,1.0864795065085282,678673262.8644148
2021-08-02 00:00:00,1.0473241797968056,782867729.0605106
2021-08-03 00:00:00,1.0510096382102183,608852029.2790387
2021-08-04 00:00:00,1.0228925058593936,472152603.6125078
2021-08-05 00:00:00,1.05307621706725,478893880.1373623
2021-08-06 00:00:00,1.0639511942910354,576310795.4031671
2021-08-07 00:00:00,1.080035323505678,557347478.9980893
2021-08-08 00:00:00,1.1689080151678888,1063531221.2012295
2021-08-09 00:00:00,1.0843235571187275,684095725.4498539
2021-08-10 00:00:00,1.1261595899056274,693797541.3341278
2021-08-11 00:00:00,1.1562340406827691,810012505.8513204
2021-08-12 00:00:00,1.3659076368743823,2188993431.869515
2021-08-13 00:00:00,1.325779364533892,1794496705.7143557
2021-08-14 00:00:00,1.5080728063321491,1665858734.750567
2021-08-15 00:00:00,1.4392211367306837,1049184914.6157597
2021-08-16 00:00:00,1.4677216112293925,825848470.389223
2021-08-17 00:00:00,1.4280218409949226,1212293135.0280623
2021-08-18 00:00:00,1.3565034153368853,1201399361.6184578
2021-08-19 00:00:00,1.3521133826117147,1054805606.0894014
2021-08-20 00:00:00,1.4104573459576621,542087985.7333707
2021-08-21 00:00:00,1.5416069331704796,1307117643.8684218
2021-08-22 00:00:00,1.5893612587042867,1553829965.4890606
2021-08-23 00:00:00,1.6286931636952782,1132547141.795204
2021-08-24 00:00:00,1.6247743064613271,976567963.4626907
2021-08-25 00:00:00,1.4860525099129918,1021859188.0077316
2021-08-26 00:00:00,1.5321200051451604,838083882.4692078
2021-08-27 00:00:00,1.4038761825258612,621537176.7249591
2021-08-28 00:00:00,1.5102276371094576,1000754758.9800009
2021-08-29 00:00:00,1.4598087505852961,685826662.0490875
2021-08-30 00:00:00,1.4227667892996365,606000154.5614878
2021-08-31 00:00:00,1.3221911309988317,819006597.2950977
2021-09-01 00:00:00,1.3513475317027759,1083615585.0559971
2021-09-02 00:00:00,1.4572158622987024,1560696928.9178395
2021-09-03 00:00:00,1.4475882509957168,1183968629.1604707
2021-09-04 00:00:00,1.4525130366103163,900520202.8397559
2021-09-05 00:00:00,1.7355111278216784,2179616389.0456314
2021-09-06 00:00:00,1.6752768906600306,2161766058.2233663
2021-09-07 00:00:00,1.6488816812007656,1530368131.1756022
2021-09-08 00:00:00,1.367559385502283,2839649877.0862355
2021-09-09 00:00:00,1.3365429588247957,2076261412.7030559
2021-09-10 00:00:00,1.3654309164689715,1635510580.6177518
2021-09-11 00:00:00,1.300462975050535,1394843799.5904737
2021-09-12 00:00:00,1.3107875338838886,858142989.540201
2021-09-13 00:00:00,1.3353855505835641,749284226.242904
2021-09-14 00:00:00,1.2526087906693473,891995496.0845989
2021-09-15 00:00:00,1.3185980769608903,836035832.6018927
2021-09-16 00:00:00,1.4107865955341503,791738350.7514877
2021-09-17 00:00:00,1.3849671234237813,1152716416.8955812
2021-09-18 00:00:00,1.4178139169591424,1041687423.1181028
2021-09-19 00:00:00,1.364356788546764,769314524.4555323
2021-09-20 00:00:00,1.3172294511355915,611904089.6545739
2021-09-21 00:00:00,1.1346534705519722,1220101136.5538487
2021-09-22 00:00:00,1.0414912651512036,1109838530.5877314
2021-09-23 00:00:00,1.2202810007915645,1018507061.2377136
2021-09-24 00:00:00,1.2251685590033712,703141242.8935702
2021-09-25 00:00:00,1.1272097930816045,829334430.7763494
2021-09-26 00:00:00,1.1265032273213418,651642638.6518939
2021-09-27 00:00:00,1.1264729327865655,741907083.6121964
2021-09-28 00:00:00,1.085085827453011,598994471.8053443
2021-09-29 00:00:00,1.0475227243397156,512427975.96414536
2021-09-30 00:00:00,1.1007346495729327,543730210.443207
2021-10-01 00:00:00,1.1284211734577194,586344643.7719287
2021-10-02 00:00:00,1.2677663424872625,897200922.2229043
2021-10-03 00:00:00,1.2961700736347004,775986368.181296
2021-10-04 00:00:00,1.3255969407964643,774261228.808194
2021-10-05 00:00:00,1.279508796920266,758691956.1972643
2021-10-06 00:00:00,1.3143663356224329,683894392.1308215
2021-10-07 00:00:00,1.2590833152753813,805652057.0269445
2021-10-08 00:00:00,1.2792947883544434,779723651.7248777
2021-10-09 00:00:00,1.3372074493586121,1168481107.3571932
2021-10-10 00:00:00,1.352020490537352,718479322.9192399
2021-10-11 00:00:00,1.247791609860409,628634402.0179302
2021-10-12 00:00:00,1.240431103633866,604162841.9636724
2021-10-13 00:00:00,1.2228157508292092,668072616.320873
2021-10-14 00:00:00,1.2408876001350144,583694852.5189713
2021-10-15 00:00:00,1.265750062899244,581061607.659328
2021-10-16 00:00:00,1.5931286333828234,4316164933.987685
2021-10-17 00:00:00,1.510319544008385,1408874206.252321
2021-10-18 00:00:00,1.456703592820831,731826163.0311401
2021-10-19 00:00:00,1.478513009186832,1244727386.0746522
2021-10-20 00:00:00,1.4786782026695897,723247191.4973623
2021-10-21 00:00:00,1.530730023476453,842457013.872256
2021-10-22 00:00:00,1.5093444145324528,1031940931.7701056
2021-10-23 00:00:00,1.5183332851893754,841549519.171196
2021-10-24 00:00:00,1.646128880129589,1159606742.5900307
2021-10-25 00:00:00,1.5767365703480523,843047779.5590494
2021-10-26 00:00:00,1.6713393541479167,888899066.5063761
2021-10-27 00:00:00,1.7433853795367826,1642540935.332247
2021-10-28 00:00:00,1.7735644500773913,2721999953.862644
2021-10-29 00:00:00,2.1278969736404654,3189131279.714046
2021-10-30 00:00:00,2.024912097948278,2219071920.3359356
2021-10-31 00:00:00,1.8607939879026367,1135615444.2271721
2021-11-01 00:00:00,1.934257252179863,1260219841.393622
2021-11-02 00:00:00,1.9074247857299775,1033840180.0817758
2021-11-03 00:00:00,1.9371765583911453,1061616621.2795005
2021-11-04 00:00:00,2.037005142796291,1749682459.0039234
2021-11-05 00:00:00,1.9253755944929332,1071278339.3867736
2021-11-06 00:00:00,1.905563829396786,700011545.5031708
2021-11-07 00:00:00,1.8887161285171636,651724931.8441858
2021-11-08 00:00:00,1.8895086578005136,559816536.9273394
2021-11-09 00:00:00,1.8940668176695723,924768144.3684882
2021-11-10 00:00:00,1.767301959698415,1187637281.5292997
2021-11-11 00:00:00,1.7021584575360686,1446005825.2628653
2021-11-12 00:00:00,1.7677843603717804,851457875.1866089
2021-11-13 00:00:00,1.723301843064975,776851177.1991373
2021-11-14 00:00:00,1.7591733237852694,543392157.6055948
2021-11-15 00:00:00,1.7363485589451995,519499651.70196795
2021-11-16 00:00:00,1.7004472892859646,564295637.0357465
2021-11-17 00:00:00,1.572090527240301,1105603669.5007496
2021-11-18 00:00:00,1.6412118528946322,908121609.9123067
2021-11-19 00:00:00,1.4854753646247103,853963403.1290841
2021-11-20 00:00:00,1.6237278947025597,667015203.4912163
2021-11-21 00:00:00,1.6741158015149562,630936528.2247828
2021-11-22 00:00:00,1.6176308852554613,474734003.2652456
2021-11-23 00:00:00,1.560913101799978,612650422.3464819
2021-11-24 00:00:00,1.7568077725752074,945784189.361622
2021-11-25 00:00:00,1.693260439994773,1132149654.4205937
2021-11-26 00:00:00,1.9134262759318699,1521105216.7159407
2021-11-27 00:00:00,1.638539889706418,1536856084.2803836
2021-11-28 00:00:00,1.6060191688314844,685510512.4937776
2021-11-29 00:00:00,1.6495358363347243,777867060.2934328
2021-11-30 00:00:00,1.8168546570524722,914802944.025664
2021-12-01 00:00:00,1.7885896406253898,1237372770.5679767
2021-12-02 00:00:00,2.0145983029321948,2158555695.3531327
2021-12-03 00:00:00,2.126812221996004,3167108746.5097194
2021-12-04 00:00:00,2.2851271616109363,3890063142.8227224
2021-12-05 00:00:00,1.9718996406749512,3853578270.260187
2021-12-06 00:00:00,2.0190625740328207,2804950947.7761855
2021-12-07 00:00:00,2.2710027371380646,3813868724.1703095
2021-12-08 00:00:00,2.3711108530078064,4138945204.8782535
2021-12-09 00:00:00,2.4209739131594836,3797939355.3430934
2021-12-10 00:00:00,2.0995107066999936,3018083199.493719
2021-12-11 00:00:00,2.090222708285588,2755667094.493426
2021-12-12 00:00:00,2.128040081958641,1667003315.7949007
2021-12-13 00:00:00,2.0848699867719205,1086496631.3593671
2021-12-14 00:00:00,1.8140016623467246,1782335566.4425585
2021-12-15 00:00:00,1.9360364131517087,1691049904.3849587
2021-12-16 00:00:00,2.1250528454767332,2703718559.2497463
2021-12-17 00:00:00,2.079372421202235,1810769562.570669
2021-12-18 00:00:00,2.1320094327480494,1722320608.8808017
2021-12-19 00:00:00,2.2317058838061525,1609788464.0428648
2021-12-20 00:00:00,2.230046220503741,1288536628.7779953
2021-12-21 00:00:00,2.1448792312073808,1453123283.44519
2021-12-22 00:00:00,2.3706536976113948,1814671546.1665406
2021-12-23 00:00:00,2.509826473524964,2724221988.7415934
2021-12-24 00:00:00,2.6769160967341965,3050169715.423269
2021-12-25 00:00:00,2.4634229124093454,1648360280.7252176
2021-12-26 00:00:00,2.643760204728756,1303093441.4866714
2021-12-27 00:00:00,2.8817116048125393,2504281799.0033894
2021-12-28 00:00:00,2.735292890982307,1657927182.8932157
2021-12-29 00:00:00,2.5078353208653166,2282218908.622782
2021-12-30 00:00:00,2.4774733330919645,2002370442.2446234
2021-12-31 00:00:00,2.5528488899193196,1598156998.1765075
2022-01-01 00:00:00,2.5294645647442047,1473032170.9723058
2022-01-02 00:00:00,2.582126353212266,901565380.2468783
2022-01-03 00:00:00,2.547579080217119,845096219.0563002
2022-01-04 00:00:00,2.437713492913628,1039708966.398375
2022-01-05 00:00:00,2.373652898801285,1231006375.874175
2022-01-06 00:00:00,2.196618056481613,1565734158.8901517
2022-01-07 00:00:00,2.253219259099906,1673500245.569265
2022-01-08 00:00:00,2.058653014099287,1612782707.6406837
2022-01-09 00:00:00,1.9964066276296266,1142035788.9658968
2022-01-10 00:00:00,2.114208280765191,959913993.4007967
2022-01-11 00:00:00,2.0698081143475022,1313466331.7614405
2022-01-12 00:00:00,2.3516193176803104,1836928439.0101225
2022-01-13 00:00:00,2.390803296235098,1585527380.726668
2022-01-14 00:00:00,2.2705612212522355,1292660031.633004
2022-01-15 00:00:00,2.3389152867257454,1124945149.8734076
2022-01-16 00:00:00,2.3555691945992323,827109143.5144129
2022-01-17 00:00:00,2.3285010119363494,729386494.26768
2022-01-18 00:00:00,2.2230085366430927,1393207153.4715939
2022-01-19 00:00:00,2.1309111373789,1259020744.1605184
2022-01-20 00:00:00,2.0387960807597203,1125646614.9631975
2022-01-21 00:00:00,1.9578367369556833,1174166290.5782857
2022-01-22 00:00:00,1.7011860374945913,2012752735.5415568
2022-01-23 00:00:00,1.5316010783701033,2097932010.1501844
2022-01-24 00:00:00,1.612003981052023,1224532373.447187
2022-01-25 00:00:00,1.5083902803519575,1858804226.505874
2022-01-26 00:00:00,1.567990135455952,1277296575.0278482
2022-01-27 00:00:00,1.592320278066891,1911424364.4765062
2022-01-28 00:00:00,1.5892774292907512,1367357228.9857078
2022-01-29 00:00:00,1.682473606010256,1224155930.5650957
2022-01-30 00:00:00,1.6971220324180523,784156766.5908238
2022-01-31 00:00:00,1.6058983769413802,757782272.519747
2022-02-01 00:00:00,1.6449818403911372,826611401.903632
2022-02-02 00:00:00,1.6491553409514406,832590046.867805
2022-02-03 00:00:00,1.5412733728860137,741520777.4342103
2022-02-04 00:00:00,1.5455712838431301,718579529.4461439
2022-02-05 00:00:00,1.6853806278923724,856251257.4266741
2022-02-06 00:00:00,1.7196991745844328,840234859.4229006
2022-02-07 00:00:00,1.738431550624909,653845781.1090211
2022-02-08 00:00:00,2.0273524127363154,1830370700.7770875
2022-02-09 00:00:00,1.9494193264272501,1536446973.5007527
2022-02-10 00:00:00,2.0501225449827665,1296136607.4633565
2022-02-11 00:00:00,1.8982187340533003,1482202636.354638
2022-02-12 00:00:00,1.7154794691785338,1382271160.1680336
2022-02-13 00:00:00,1.69281125460006,874825121.9279617
2022-02-14 00:00:00,1.671858841141355,644227753.3628993
2022-02-15 00:00:00,1.6595543359807072,905500990.3177937
2022-02-16 00:00:00,1.8610856057576808,1060112924.2822238
2022-02-17 00:00:00,1.8406429796566006,1031104802.8849592
2022-02-18 00:00:00,1.6616427105143305,962005468.1354367
2022-02-19 00:00:00,1.5965460855296596,871159458.4942768
2022-02-20 00:00:00,1.6316437632887486,625829577.2077442
2022-02-21 00:00:00,1.516305130652796,754141140.6143681
2022-02-22 00:00:00,1.4086244164781865,1238057575.2942054
2022-02-23 00:00:00,1.463944037056804,1069252969.8415527
2022-02-24 00:00:00,1.4481952366890618,1157637511.22795
2022-02-25 00:00:00,1.4393299847539107,1990645465.0181744
2022-02-26 00:00:00,1.5562276966710036,1238021461.8188524
2022-02-27 00:00:00,1.5108902368528407,791804114.7104989
2022-02-28 00:00:00,1.4534853979647624,856622640.704899
2022-03-01 00:00:00,1.6105584827760644,1105856067.270133
2022-03-02 00:00:00,1.623493747403055,1249640625.7949536
2022-03-03 00:00:00,1.6359832716793414,1158326815.658124
2022-03-04 00:00:00,1.5845023378954357,1231738105.296266
2022-03-05 00:00:00,1.4734178092787038,1247749647.419925
2022-03-06 00:00:00,1.5103297557066,972441883.2406132
2022-03-07 00:00:00,1.4401363552038584,957904524.1078165
2022-03-08 00:00:00,1.417468790521662,1242025025.134206
2022-03-09 00:00:00,1.444158686425027,1181152035.2304404
2022-03-10 00:00:00,1.5066673190869004,1283941021.6589742
2022-03-11 00:00:00,1.440356834159954,1201616435.3991747
2022-03-12 00:00:00,1.4074343579930493,757380812.2692541
2022-03-13 00:00:00,1.3985395123662763,401771318.8311879
2022-03-14 00:00:00,1.3638110228180411,361668911.2199396
2022-03-15 00:00:00,1.3785633495317235,615529227.6979487
2022-03-16 00:00:00,1.3804929097944365,538198754.3569372
2022-03-17 00:00:00,1.4676828353511477,682429984.0186297
2022-03-18 00:00:00,1.449989585383939,535853724.5810726
2022-03-19 00:00:00,1.5006865752792231,540856944.4361957
2022-03-20 00:00:00,1.5262442393097375,526773333.24232006
2022-03-21 00:00:00,1.4640682235614884,428921894.70201075
2022-03-22 00:00:00,1.466245055822723,467915951.8492635
2022-03-23 00:00:00,1.5058924071893063,584427913.61521
2022-03-24 00:00:00,1.554465080074417,581086517.9224324
2022-03-25 00:00:00,1.628999609937458,772819488.6370896
2022-03-26 00:00:00,1.5789704721986562,699044668.4753135
2022-03-27 00:00:00,1.609113604892018,434047210.03797215
2022-03-28 00:00:00,1.6912480545936495,575455794.7059026
2022-03-29 00:00:00,1.657857093092196,795308146.5691124
2022-03-30 00:00:00,1.673703791604107,772381037.1455355
2022-03-31 00:00:00,1.6839582389936354,769173719.3750808
2022-04-01 00:00:00,1.617969723586427,859132931.2180719
2022-04-02 00:00:00,1.6940714561101609,815818644.706202
2022-04-03 00:00:00,1.6526709984421302,675538479.9748996
2022-04-04 00:00:00,1.6890504381320874,574375495.1458802
2022-04-05 00:00:00,1.649586684420353,600783977.6738241
2022-04-06 00:00:00,1.592686227892858,545558224.4056574
2022-04-07 00:00:00,1.4582499325643588,812952829.1569573
2022-04-08 00:00:00,1.5133903852818213,619723630.1405983
2022-04-09 00:00:00,1.4357216518053801,556074078.9112197
2022-04-10 00:00:00,1.4651001334974887,379334558.9867199
2022-04-11 00:00:00,1.4323591472163504,328863937.7126543
2022-04-12 00:00:00,1.3334454494922814,601166598.4617438
2022-04-13 00:00:00,1.3945340192829372,773182242.8669391
2022-04-14 00:00:00,1.4224675344236735,606577963.0209951
2022-04-15 00:00:00,1.374044004980452,583205463.0573411
2022-04-16 00:00:00,1.3968320518435167,359468034.07453
2022-04-17 00:00:00,1.3917366146043055,264674666.27823427
2022-04-18 00:00:00,1.338842586023414,282771795.74967366
2022-04-19 00:00:00,1.4242770064275827,643820561.4004906
2022-04-20 00:00:00,1.4275925500611464,517228519.80873644
2022-04-21 00:00:00,1.418538429173366,546046366.4115621
2022-04-22 00:00:00,1.3805192317622033,602080218.8092346
2022-04-23 00:00:00,1.3994135817499445,1135720272.0759487
2022-04-24 00:00:00,1.3661991090506085,451299536.2186927
2022-04-25 00:00:00,1.3432454822719229,379225603.11411303
2022-04-26 00:00:00,1.3534801453307466,655748353.1022401
2022-04-27 00:00:00,1.2427741837557447,532313339.4581906
2022-04-28 00:00:00,1.2575055024127098,478611677.5622
2022-04-29 00:00:00,1.2382125521602623,421890229.1431565
2022-04-30 00:00:00,1.140586541078395,590817901.3645763
2022-05-01 00:00:00,1.0401673061371677,527470696.872959
2022-05-02 00:00:00,1.1018938140475931,687161357.6233089
2022-05-03 00:00:00,1.077159282173947,654214298.6506163
2022-05-04 00:00:00,1.0759040340513326,490318489.82448757
2022-05-05 00:00:00,1.1713238156714678,668850015.2076502
2022-05-06 00:00:00,1.0658473686815868,638399466.2618634
2022-05-07 00:00:00,1.0440834481754633,649216084.5257231
2022-05-08 00:00:00,1.0216290411154416,529716455.68130225
2022-05-09 00:00:00,0.9735237914910398,484340945.9630214
2022-05-10 00:00:00,0.825945409325903,966588420.180273
2022-05-11 00:00:00,0.8907814481399241,1523427585.2223043
2022-05-12 00:00:00,0.6639467894917128,1869353657.0249135
2022-05-13 00:00:00,0.6017680593022542,1123279236.953845
2022-05-14 00:00:00,0.6653766448415876,865464960.3947297
2022-05-15 00:00:00,0.6870535050055993,568603150.7236118
2022-05-16 00:00:00,0.7357801235330548,459856541.8717603
2022-05-17 00:00:00,0.676023782318163,525639050.7279157
2022-05-18 00:00:00,0.7290331286311724,571446482.9025509
2022-05-19 00:00:00,0.626458602295465,466957355.59675884
2022-05-20 00:00:00,0.6623175641348419,525568543.9346489
2022-05-21 00:00:00,0.636165385434187,379578756.4770032
2022-05-22 00:00:00,0.649914168179044,247634845.3733054
2022-05-23 00:00:00,0.6789028382782145,289040355.83842397
2022-05-24 00:00:00,0.6410227525343959,437056652.81233835
2022-05-25 00:00:00,0.660876516154734,425161291.612856
2022-05-26 00:00:00,0.647959688718728,355951261.5514216
2022-05-27 00:00:00,0.6018057445037106,559324525.8005664
2022-05-28 00:00:00,0.5742996181865947,502314601.75852776
2022-05-29 00:00:00,0.5883988791215271,269130656.43375784
2022-05-30 00:00:00,0.5989108169010998,244872518.9790394
2022-05-31 00:00:00,0.6578094289810985,416050096.5101413
2022-06-01 00:00:00,0.6626506715038493,475891135.0627267
2022-06-02 00:00:00,0.6028805614310659,426407484.1471347
2022-06-03 00:00:00,0.6193666699479351,336802526.7264602
2022-06-04 00:00:00,0.5898923429362142,259206843.81646714
2022-06-05 00:00:00,0.5965202477247938,170980602.2250356
2022-06-06 00:00:00,0.5980490426567903,179276240.60877693
2022-06-07 00:00:00,0.6322327356707669,356466816.7031937
2022-06-08 00:00:00,0.6180402565621677,317985345.8784438
2022-06-09 00:00:00,0.6070023671988923,288846128.0826849
2022-06-10 00:00:00,0.6328013059733515,265657500.79278353
2022-06-11 00:00:00,0.5946443841115501,438202138.1325903
2022-06-12 00:00:00,0.5383994354312582,342612381.07201564
2022-06-13 00:00:00,0.5052024479852609,366943365.2559312
2022-06-14 00:00:00,0.4275287807342146,739606134.8655593
2022-06-15 00:00:00,0.4161305751762808,570463469.3890183
2022-06-16 00:00:00,0.43569274044892164,640345295.7672993
2022-06-17 00:00:00,0.38220435532968194,400970429.7395177
2022-06-18 00:00:00,0.40080800264424415,271202802.50316787
2022-06-19 00:00:00,0.34685900509366047,463036968.7130981
2022-06-20 00:00:00,0.3821691383184903,441799886.0746023
2022-06-21 00:00:00,0.4010214971433705,458928430.3042351
2022-06-22 00:00:00,0.418173444005322,539366486.4571538
2022-06-23 00:00:00,0.45891922314543837,676671915.5650558
2022-06-24 00:00:00,0.5623147118394106,1281559276.80586
2022-06-25 00:00:00,0.6162618795208674,1049081267.4558553
2022-06-26 00:00:00,0.6007456253159488,598471148.9516606
2022-06-27 00:00:00,0.5649433353952497,459325778.0432722
2022-06-28 00:00:00,0.5322662608006304,605919650.6491051
2022-06-29 00:00:00,0.5105938449349023,705616050.5882895
2022-06-30 00:00:00,0.49551145653238166,1005500438.8195794
2022-07-01 00:00:00,0.47132116917076733,920430142.0857766
2022-07-02 00:00:00,0.4634424856749727,714040405.5955161
2022-07-03 00:00:00,0.49464411099819433,464167992.52215177
2022-07-04 00:00:00,0.4612938573318064,409951261.8561164
2022-07-05 00:00:00,0.4928700657260594,443254114.83208036
2022-07-06 00:00:00,0.511149073902543,889418997.7481468
2022-07-07 00:00:00,0.5256465315271727,684258059.3489171
2022-07-08 00:00:00,0.5627599451786898,575323586.375147
2022-07-09 00:00:00,0.6118580594079541,918617349.8710026
2022-07-10 00:00:00,0.5892905736850612,404843100.54516506
2022-07-11 00:00:00,0.5712058198562212,344233462.08730364
2022-07-12 00:00:00,0.5643098943700992,631239942.3968543
2022-07-13 00:00:00,0.5423261271051065,642183017.9967875
2022-07-14 00:00:00,0.6371354195686907,948685911.213462
2022-07-15 00:00:00,0.7049974051548248,1696874294.3491714
2022-07-16 00:00:00,0.7047760580276754,1133893606.0782738
2022-07-17 00:00:00,0.7267973956545022,662491425.4414328
2022-07-18 00:00:00,0.7538529103557754,864672592.7518867
2022-07-19 00:00:00,0.9595361891896185,2458672615.922494
2022-07-20 00:00:00,0.9251750667325436,1329365984.250123
2022-07-21 00:00:00,0.8364519309237785,1402500308.4881394
2022-07-22 00:00:00,0.9081146905358942,1538484391.8398106
2022-07-23 00:00:00,0.8537163295085609,999669023.2112846
2022-07-24 00:00:00,0.8785460273293562,658554964.198076
2022-07-25 00:00:00,0.8861665868151554,682972237.780086
2022-07-26 00:00:00,0.7789165723259345,846735707.9923325
2022-07-27 00:00:00,0.7786349631110646,747019777.6283135
2022-07-28 00:00:00,0.8927516925784298,1202517514.8715994
2022-07-29 00:00:00,0.937040402484538,1740818377.6015031
2022-07-30 00:00:00,0.9434847245202689,1310322487.9726107
2022-07-31 00:00:00,0.9298909099368032,753963332.6130923
2022-08-01 00:00:00,0.9301519431825614,919699920.5487068
2022-08-02 00:00:00,0.8964918151526995,685563111.7326592
2022-08-03 00:00:00,0.883504539022558,686570660.0577307
2022-08-04 00:00:00,0.8895512906949016,505223917.7826032
2022-08-05 00:00:00,0.8944172848417784,422079968.928195
2022-08-06 00:00:00,0.9274080535166559,524599028.1945226
2022-08-07 00:00:00,0.9087142720592123,324828392.261071
2022-08-08 00:00:00,0.9083511488578053,250570358.95345336
2022-08-09 00:00:00,0.923447473551309,443970926.1442406
2022-08-10 00:00:00,0.8869119227485418,3368897069.989546
2022-08-11 00:00:00,0.9387420016935634,456059499.7362767
2022-08-12 00:00:00,0.9221287399076301,421476950.58586085
2022-08-13 00:00:00,0.9351503089310563,292383974.0044129
2022-08-14 00:00:00,1.0265751308960593,919659138.80431
2022-08-15 00:00:00,1.0018087625890875,567962035.0532418
2022-08-16 00:00:00,0.9548275166490023,526625660.2692065
2022-08-17 00:00:00,0.9378970417928791,400687789.86937106
2022-08-18 00:00:00,0.8856424909223666,464627017.1664412
2022-08-19 00:00:00,0.8616052483364754,373205324.3086532
2022-08-20 00:00:00,0.7746878905535965,685105426.181227
2022-08-21 00:00:00,0.7881780067818226,490927194.3744179
2022-08-22 00:00:00,0.8235974859302548,389520150.59362984
2022-08-23 00:00:00,0.810122759997726,361304920.40644205
2022-08-24 00:00:00,0.8333342172743741,360259597.70140326
2022-08-25 00:00:00,0.8128641042742937,318863248.8376136
2022-08-26 00:00:00,0.8201331751358862,267258917.80891487
2022-08-27 00:00:00,0.763888218521644,551362472.1498299
2022-08-28 00:00:00,0.8088168559575716,483838952.43145704
2022-08-29 00:00:00,0.7893258706130383,372122225.37045133
2022-08-30 00:00:00,0.819281131096967,451440201.6956554
2022-08-31 00:00:00,0.8154416607209982,436838673.57680756
2022-09-01 00:00:00,0.8316408170899061,426296939.4011018
2022-09-02 00:00:00,0.8879882171415913,601804846.5926255
2022-09-03 00:00:00,0.8720456998028082,498720446.28668815
2022-09-04 00:00:00,0.8897596623415834,253961976.1008432
2022-09-05 00:00:00,0.8947452109635956,246579672.82480785
2022-09-06 00:00:00,0.8817574847821231,277384284.30308974
2022-09-07 00:00:00,0.8205667556557664,619639302.9046801
2022-09-08 00:00:00,0.8425502582708698,408353852.4753791
2022-09-09 00:00:00,0.8443951729179235,347229868.751988
2022-09-10 00:00:00,0.8909966307358459,424014785.8787416
2022-09-11 00:00:00,0.9058033903482318,367941194.6596704
2022-09-12 00:00:00,0.8930236812403217,282482578.6371197
2022-09-13 00:00:00,0.9278062346860365,651815843.2516521
2022-09-14 00:00:00,0.8477593046544023,704197218.6321436
2022-09-15 00:00:00,0.8663939662012149,395758505.06396407
2022-09-16 00:00:00,0.8244940170390708,419521476.48712957
2022-09-17 00:00:00,0.8059521275918123,327190574.27431273
2022-09-18 00:00:00,0.8305229094348694,199873115.16809636
2022-09-19 00:00:00,0.7547451819993531,353075588.94660425
2022-09-20 00:00:00,0.7679208263285565,396108152.41603136
2022-09-21 00:00:00,0.7337107948884033,308953037.2657831
2022-09-22 00:00:00,0.7047672853732235,480373708.1673329
2022-09-23 00:00:00,0.7545174669444902,369469900.40632266
2022-09-24 00:00:00,0.7791927405991029,442195657.45430166
2022-09-25 00:00:00,0.7547664790525365,281681714.453351
2022-09-26 00:00:00,0.7408710928948737,248277201.1899109
2022-09-27 00:00:00,0.7551213549919822,368862888.60801274
2022-09-28 00:00:00,0.7404109338513863,464058888.37477094
2022-09-29 00:00:00,0.7486168807342602,296018550.2323846
2022-09-30 00:00:00,0.7635938469993259,291608309.3397134
2022-10-01 00:00:00,0.7781360963444549,356785192.4774927
2022-10-02 00:00:00,0.7660903642538096,168683287.31535628
2022-10-03 00:00:00,0.7662748091948013,197191598.2096159
2022-10-04 00:00:00,0.801776016649397,330858096.93537873
2022-10-05 00:00:00,0.8368535070882067,388405589.5328585
2022-10-06 00:00:00,0.8521190881821823,393729942.4507932
2022-10-07 00:00:00,0.8325968573303639,318858799.48741406
2022-10-08 00:00:00,0.8286189145612218,255984076.0748596
2022-10-09 00:00:00,0.8133753130291874,159975642.18724224
2022-10-10 00:00:00,0.8248325408405127,153133565.73978412
2022-10-11 00:00:00,0.8171678550584808,291417098.6558545
2022-10-12 00:00:00,0.7908644944896468,270250119.45479417
2022-10-13 00:00:00,0.7834650153618961,168674941.61824882
2022-10-14 00:00:00,0.7762330669669092,414206793.5224065
2022-10-15 00:00:00,0.7928658721944235,329041417.8833072
2022-10-16 00:00:00,0.7916424751654845,193354278.56005034
2022-10-17 00:00:00,0.7999287443697821,153822962.0919723
2022-10-18 00:00:00,0.8488052164251403,301023951.6493496
2022-10-19 00:00:00,0.8665018867244423,516317909.4220115
2022-10-20 00:00:00,0.8454560541980949,457904621.83177626
2022-10-21 00:00:00,0.8099527304864157,453285832.1538745
2022-10-22 00:00:00,0.8318530695814297,449362428.64149165
2022-10-23 00:00:00,0.8326589345968742,256942444.5222738
2022-10-24 00:00:00,0.9007910384967723,409671122.7073163
2022-10-25 00:00:00,0.8928574366593809,581839015.6511152
2022-10-26 00:00:00,0.9204120131802525,616697525.6483808
2022-10-27 00:00:00,0.9386813496883242,660211002.2271394
2022-10-28 00:00:00,0.9057046899743282,582851074.2038679
2022-10-29 00:00:00,0.9433866583772722,466113977.24544144
2022-10-30 00:00:00,0.9335778961661454,437965680.2364922
2022-10-31 00:00:00,0.9081748263616963,377024759.7733426
2022-11-01 00:00:00,0.9032096343234265,383305355.8220295
2022-11-02 00:00:00,0.8751840918515319,312179180.7138026
2022-11-03 00:00:00,0.8725044435369119,673639285.1105425
2022-11-04 00:00:00,0.9526890091717732,1157865657.7569687
2022-11-05 00:00:00,1.168293086360122,2558319520.645719
2022-11-06 00:00:00,1.1829018488117151,1517804834.757624
2022-11-07 00:00:00,1.1382218996225484,915801743.8516304
2022-11-08 00:00:00,1.2459236228138157,1969809487.002364
2022-11-09 00:00:00,1.048465959031283,2741256338.2287297
2022-11-10 00:00:00,0.807444937517888,1944139600.5725658
2022-11-11 00:00:00,1.1303752851488909,2496413269.9242992
2022-11-12 00:00:00,1.0738187159384185,1728010270.5739663
2022-11-13 00:00:00,0.9391782358117251,961869813.8975091
2022-11-14 00:00:00,0.8935064556098866,704345655.8989142
2022-11-15 00:00:00,0.9174567618240594,1122218371.2853086
2022-11-16 00:00:00,0.9417345006044788,768614615.1475042
2022-11-17 00:00:00,0.9031563031825607,524780913.63548946
2022-11-18 00:00:00,0.8753057566434198,512512534.811592
2022-11-19 00:00:00,0.8817503639648072,349051204.71091276
2022-11-20 00:00:00,0.8783081879592134,265194585.28476351
2022-11-21 00:00:00,0.8096086024194981,438460418.9318802
2022-11-22 00:00:00,0.7969728568293368,656136136.2820941
2022-11-23 00:00:00,0.8502967117924242,792278238.8113773
2022-11-24 00:00:00,0.8624480161152408,528799151.9137621
2022-11-25 00:00:00,0.8505391768538095,414705327.27460766
2022-11-26 00:00:00,0.8445487342614227,271193304.79715717
2022-11-27 00:00:00,0.8481559516995186,267347436.3192618
2022-11-28 00:00:00,0.8458506488585686,212083120.18921214
2022-11-29 00:00:00,0.8240908153015509,343515443.14352685
2022-11-30 00:00:00,0.8392930074552869,248826726.1321645
2022-12-01 00:00:00,0.9334514272212489,561107825.9331951
2022-12-02 00:00:00,0.9093196462551478,540961839.1608598
2022-12-03 00:00:00,0.9486598906188558,420572699.8644384
2022-12-04 00:00:00,0.9053678604068555,258064130.7502141
2022-12-05 00:00:00,0.9226727729925477,195904715.1239252
2022-12-06 00:00:00,0.9127689141199324,377934113.6610412
2022-12-07 00:00:00,0.9182160336231294,279177907.1581189
2022-12-08 00:00:00,0.8978551738597659,358676385.7967577
2022-12-09 00:00:00,0.9281137640266455,320166974.34457207
2022-12-10 00:00:00,0.9104429559819722,263294356.35394523
2022-12-11 00:00:00,0.9086546455108876,185573515.53418165
2022-12-12 00:00:00,0.8931766988666795,163531737.78445217
2022-12-13 00:00:00,0.9104825291015732,276156345.3066032
2022-12-14 00:00:00,0.9224843337199594,516939386.7825729
2022-12-15 00:00:00,0.9039125521414374,375702345.95641255
2022-12-16 00:00:00,0.8754609174161206,284336710.7970858
2022-12-17 00:00:00,0.797091751330114,471903081.07107717
2022-12-18 00:00:00,0.8174059528471279,311214202.7061312
2022-12-19 00:00:00,0.8162338455692867,172138639.83237827
2022-12-20 00:00:00,0.7727375253667872,373030954.5421331
2022-12-21 00:00:00,0.8028360626012189,369925952.52041733
2022-12-22 00:00:00,0.7925301891769654,206647414.79741818
2022-12-23 00:00:00,0.7960248817557912,221982059.8021174
2022-12-24 00:00:00,0.7993525796487325,185552258.2085834
2022-12-25 00:00:00,0.7959758046860775,106014730.28153029
2022-12-26 00:00:00,0.7946382967570126,128275207.96257894
2022-12-27 00:00:00,0.8145623801400227,155190251.17864993
2022-12-28 00:00:00,0.8064246094120958,218021765.7578788
2022-12-29 00:00:00,0.7826415962896793,244474623.19636965
2022-12-30 00:00:00,0.7774812192865352,199909137.00160545
2022-12-31 00:00:00,0.7606710600942095,245275838.88954937
2023-01-01 00:00:00,0.7591852101009446,133538052.21912684
2023-01-02 00:00:00,0.7601876720675049,116806011.04903568
2023-01-03 00:00:00,0.7810469996639215,217752810.69776917
2023-01-04 00:00:00,0.7809694980117167,189225586.7831243
2023-01-05 00:00:00,0.8067971291622745,326618921.5598907
2023-01-06 00:00:00,0.7886057814128598,200865816.75736502
2023-01-07 00:00:00,0.7999338904739021,227568151.6543846
2023-01-08 00:00:00,0.8074369000995302,160429094.12223423
2023-01-09 00:00:00,0.8390854179870747,223379749.92379352
2023-01-10 00:00:00,0.8442482039403647,501257748.9625307
2023-01-11 00:00:00,0.8588557979537285,269409608.7771522
2023-01-12 00:00:00,0.8978710447450735,328372761.4632738
2023-01-13 00:00:00,0.9136095727205852,645784297.7452178
2023-01-14 00:00:00,0.9323591524424998,429818656.94010264
2023-01-15 00:00:00,1.0001477349985117,1116439033.2760034
2023-01-16 00:00:00,0.982654361140489,460749897.20545447
2023-01-17 00:00:00,1.0192827225898002,781984769.9054928
2023-01-18 00:00:00,0.997491985807013,487463909.39865196
2023-01-19 00:00:00,0.9416482624192394,588070575.8933829
2023-01-20 00:00:00,0.9512293784863531,374726345.2057396
2023-01-21 00:00:00,1.0245296966063742,448608856.3434447
2023-01-22 00:00:00,0.9899879783765451,565946028.0716423
2023-01-23 00:00:00,0.9950249950079185,498799334.2099433
2023-01-24 00:00:00,0.998054462555256,457729871.178567
2023-01-25 00:00:00,0.9553884115284103,532519445.26747197
2023-01-26 00:00:00,0.9944812213192441,517599646.9312326
2023-01-27 00:00:00,1.1096540809879474,1142461370.3264558
2023-01-28 00:00:00,1.1583628770982732,1084965995.43566
2023-01-29 00:00:00,1.143236691709252,678731622.853248
2023-01-30 00:00:00,1.1777834252298325,697479085.9012648
2023-01-31 00:00:00,1.0883071997759488,663395092.344173
2023-02-01 00:00:00,1.1111902788646264,433238266.75062567
2023-02-02 00:00:00,1.1968911726313807,691848606.0389111
2023-02-03 00:00:00,1.1875391636204138,931304485.6573515
2023-02-04 00:00:00,1.2474134225070994,765991796.7002709
2023-02-05 00:00:00,1.252366946413168,604152817.9073943
2023-02-06 00:00:00,1.2061179400338118,618570068.6365238
2023-02-07 00:00:00,1.1913477690830616,459313077.599304
2023-02-08 00:00:00,1.2696997225399744,616577111.4514483
2023-02-09 00:00:00,1.3062798722948075,1020632170.0081376
2023-02-10 00:00:00,1.22796299986561,1384189160.4952621
2023-02-11 00:00:00,1.2304599455591416,1123485499.1297362
2023-02-12 00:00:00,1.2534610533328505,499331393.5698358
2023-02-13 00:00:00,1.2375575516934638,590451069.1981568
2023-02-14 00:00:00,1.1873384393151944,831203562.2642297
2023-02-15 00:00:00,1.2603523710100084,828145360.4008732
2023-02-16 00:00:00,1.3302761759850181,734667758.4104049
2023-02-17 00:00:00,1.378857617182959,1323638881.5682702
2023-02-18 00:00:00,1.5309033259933797,1546552729.6136537
2023-02-19 00:00:00,1.4868081501265773,862203416.3002988
2023-02-20 00:00:00,1.4782398807775325,831586912.1182368
2023-02-21 00:00:00,1.4720538715880276,742380431.2465938
2023-02-22 00:00:00,1.383301609762339,911724010.5942444
2023-02-23 00:00:00,1.3969135407425588,878694131.6909243
2023-02-24 00:00:00,1.3555233091714305,593146089.7986639
2023-02-25 00:00:00,1.2646567743391584,672249818.0758578
2023-02-26 00:00:00,1.2474742930595364,550637275.6543195
2023-02-27 00:00:00,1.2792801649390084,507027024.24382013
2023-02-28 00:00:00,1.2342327438273728,607486181.7119095
2023-03-01 00:00:00,1.1939394382705606,566189249.4165969
2023-03-02 00:00:00,1.2454177476323185,588026107.5220813
2023-03-03 00:00:00,1.2244656811170356,494678383.69327337
2023-03-04 00:00:00,1.169699124303186,678975750.4419129
2023-03-05 00:00:00,1.1262415414158302,368346099.71532476
2023-03-06 00:00:00,1.13741115624262,345003533.84834284
2023-03-07 00:00:00,1.1319735641686532,349572358.5569772
2023-03-08 00:00:00,1.1503416148565038,550471850.270794
2023-03-09 00:00:00,1.054623283136411,628867676.2577087
2023-03-10 00:00:00,1.0155088137808372,782246255.6454821
2023-03-11 00:00:00,1.058959984760366,994245060.2457436
2023-03-12 00:00:00,1.0591095400359605,779632616.4453503
2023-03-13 00:00:00,1.1535960948806165,827210538.9490619
2023-03-14 00:00:00,1.1917678276619437,1089607634.5280604
2023-03-15 00:00:00,1.2012920746321,1146436551.448344
2023-03-16 00:00:00,1.1167266202775665,911166789.8956982
2023-03-17 00:00:00,1.156838494910721,580180005.0369427
2023-03-18 00:00:00,1.2252227522585066,659341283.0687194
2023-03-19 00:00:00,1.1762538301903265,699201404.2675843
2023-03-20 00:00:00,1.1763367356010364,566849265.7684337
2023-03-21 00:00:00,1.1113770251760657,787045150.3715433
2023-03-22 00:00:00,1.1609468811555375,528381458.61083525
2023-03-23 00:00:00,1.1161182256139794,634645813.7230467
2023-03-24 00:00:00,1.1407405185970523,407982918.37959516
2023-03-25 00:00:00,1.0973512472632814,516773938.83687854
2023-03-26 00:00:00,1.0850444879078887,389099438.1793572
2023-03-27 00:00:00,1.1061312891828419,338075333.2976909
2023-03-28 00:00:00,1.0491510395217083,478436361.32053804
2023-03-29 00:00:00,1.0882791978640303,392334162.88959664
2023-03-30 00:00:00,1.1247163911296951,456450386.91873217
2023-03-31 00:00:00,1.0930975690542095,439749928.8198821
2023-04-01 00:00:00,1.1194315112340503,364579778.15346265
2023-04-02 00:00:00,1.1123306462452343,251528936.83935064
2023-04-03 00:00:00,1.097990085082774,228238079.78806534
2023-04-04 00:00:00,1.097350071467739,396088971.3912842
2023-04-05 00:00:00,1.1397412236613602,411163628.7037754
2023-04-06 00:00:00,1.1415799784068466,367890233.5005695
2023-04-07 00:00:00,1.1137779623781865,264441231.0459562
2023-04-08 00:00:00,1.1088519759813205,244219432.2599405
2023-04-09 00:00:00,1.103192941223531,189505673.2077509
2023-04-10 00:00:00,1.1017965660237183,231318669.17299443
2023-04-11 00:00:00,1.1213579601993007,265393336.10611326
2023-04-12 00:00:00,1.1139793035124976,293005173.5171482
2023-04-13 00:00:00,1.1043853497069465,334852243.9273962
2023-04-14 00:00:00,1.1350791115308958,315609156.17085445
2023-04-15 00:00:00,1.1620735904936073,629610702.728659
2023-04-16 00:00:00,1.1727258880346902,361190554.4775258
2023-04-17 00:00:00,1.1840721063601014,282114383.9587627
2023-04-18 00:00:00,1.154723328654139,387215299.90604246
2023-04-19 00:00:00,1.1714015355474947,354632385.58332545
2023-04-20 00:00:00,1.084251832799459,555927362.6489397
2023-04-21 00:00:00,1.047041993310411,416808511.01168215
2023-04-22 00:00:00,1.0129134982852805,348497667.1488264
2023-04-23 00:00:00,1.0275975820152121,218601156.16939056
2023-04-24 00:00:00,1.0037679260838477,279418672.47477394
2023-04-25 00:00:00,0.9905068433520176,356186596.1496865
2023-04-26 00:00:00,1.0079527852997874,380038937.58115536
2023-04-27 00:00:00,0.9853123769819787,574610807.2104936
2023-04-28 00:00:00,1.0131727275513636,407089535.74396664
2023-04-29 00:00:00,0.9987120014836577,307655749.8939375
2023-04-30 00:00:00,1.0021654724549396,213162869.95521468
2023-05-01 00:00:00,0.9857225531652433,235661790.89892632
2023-05-02 00:00:00,0.9616384145786129,278746152.196349
2023-05-03 00:00:00,0.9772947873126662,234876596.96509707
2023-05-04 00:00:00,1.0064462308412698,358845210.48773783
2023-05-05 00:00:00,0.98324819757428,227752798.55599278
2023-05-06 00:00:00,0.9983822531294154,270599091.4007177
2023-05-07 00:00:00,0.9779223951889795,291959594.57251215
2023-05-08 00:00:00,0.9682475914164134,204743893.78937662
2023-05-09 00:00:00,0.9011260705227014,444614581.3074602
2023-05-10 00:00:00,0.8766703721635983,348330705.24441993
2023-05-11 00:00:00,0.878176310507695,395328006.0852604
2023-05-12 00:00:00,0.8436626405327882,322730188.17058015
2023-05-13 00:00:00,0.8664372769818632,401223674.6384229
2023-05-14 00:00:00,0.8491389449781893,181612414.21243793
2023-05-15 00:00:00,0.860390890707624,170384052.7831045
2023-05-16 00:00:00,0.8619962668855408,208447838.27658057
2023-05-17 00:00:00,0.8458367105709956,228218778.4535679
2023-05-18 00:00:00,0.8876568022381116,331024154.5952033
2023-05-19 00:00:00,0.872037556868815,302635222.8192593
2023-05-20 00:00:00,0.8718400239582123,210067043.49819177
2023-05-21 00:00:00,0.8772973334199394,134018202.3292051
2023-05-22 00:00:00,0.8580550082953653,125912800.46109515
2023-05-23 00:00:00,0.8731027584335274,186421239.96420017
2023-05-24 00:00:00,0.8902872681612154,212609576.3831731
2023-05-25 00:00:00,0.8748679084507539,241556781.45051813
2023-05-26 00:00:00,0.8905618752831851,290599955.75199443
2023-05-27 00:00:00,0.9118884856517246,413597567.5043321
2023-05-28 00:00:00,0.9214876953304368,196192824.2769831
2023-05-29 00:00:00,0.9422964830799139,224339311.22295532
2023-05-30 00:00:00,0.9094030610390841,262435341.32910964
2023-05-31 00:00:00,0.9019239840053682,291061438.2686838
2023-06-01 00:00:00,0.8951045116958262,208808381.0752327
2023-06-02 00:00:00,0.8891334631375576,172184320.5299116
2023-06-03 00:00:00,0.9007254612355098,177358555.82649693
2023-06-04 00:00:00,0.8998161208343667,110711645.91695897
2023-06-05 00:00:00,0.8945771599600066,127741048.40296303
2023-06-06 00:00:00,0.8359350524666928,304057445.44151944
2023-06-07 00:00:00,0.8239890654019125,451009686.94768083
2023-06-08 00:00:00,0.7658723707807877,380465231.2395781
2023-06-09 00:00:00,0.78187825000619,220638853.30559793
2023-06-10 00:00:00,0.7268489114196293,383717451.583057
2023-06-11 00:00:00,0.6151618113985564,1238940130.1441693
2023-06-12 00:00:00,0.6350670975550194,593468776.5360311
2023-06-13 00:00:00,0.6435205610211298,441457585.2645689
2023-06-14 00:00:00,0.6435584414711417,388529217.60832584
2023-06-15 00:00:00,0.6194370796623108,292256079.01409453
2023-06-16 00:00:00,0.5898605258390828,577387031.0035851
2023-06-17 00:00:00,0.5901553673702385,462833127.73907393
2023-06-18 00:00:00,0.6137849203552015,384769783.42219025
2023-06-19 00:00:00,0.5959739447239809,217885793.77255818
2023-06-20 00:00:00,0.6134463327283491,180931294.2104305
2023-06-21 00:00:00,0.6303650161689279,216600113.30832723
2023-06-22 00:00:00,0.6703586098535311,356894274.64349794
2023-06-23 00:00:00,0.6570306572302016,370705491.57257575
2023-06-24 00:00:00,0.6738061941268711,273497080.3582475
2023-06-25 00:00:00,0.6550413032579375,198345075.66596282
2023-06-26 00:00:00,0.667428414375312,201008665.42408013
2023-06-27 00:00:00,0.6452996161413453,194099798.90653673
2023-06-28 00:00:00,0.6643974089838811,187110145.72546625
2023-06-29 00:00:00,0.6143888303168447,276368661.2080227
2023-06-30 00:00:00,0.6242041329223742,178122802.42781165
2023-07-01 00:00:00,0.6606043201350411,371397060.4025979
2023-07-02 00:00:00,0.6763647532271583,177632823.80079448
2023-07-03 00:00:00,0.6806499712777094,166082163.8874111
2023-07-04 00:00:00,0.7129256436481903,273658437.56099874
2023-07-05 00:00:00,0.6973552606004683,201285147.27296606
2023-07-06 00:00:00,0.6710034424597694,224288121.8807776
2023-07-07 00:00:00,0.6649276644984967,316597138.00562316
2023-07-08 00:00:00,0.6755662837589442,191478857.3959314
2023-07-09 00:00:00,0.679932290981746,136750559.38340873
2023-07-10 00:00:00,0.6878025922196532,181954899.9255834
2023-07-11 00:00:00,0.735781880362546,435657936.26198
2023-07-12 00:00:00,0.7414514880621517,261681787.95059204
2023-07-13 00:00:00,0.724706115349039,244259015.38096115
2023-07-14 00:00:00,0.8489117452331578,846584250.0797651
2023-07-15 00:00:00,0.8089969265504874,510486152.38248473
2023-07-16 00:00:00,0.7991752059925273,209246322.07849306
2023-07-17 00:00:00,0.7680942114348375,225143858.51951542
2023-07-18 00:00:00,0.7786680429539086,308963692.946726
2023-07-19 00:00:00,0.7374996283550009,282967899.8090548
2023-07-20 00:00:00,0.7446949876882506,239510408.51381868
2023-07-21 00:00:00,0.7661610072281947,335689194.4571423
2023-07-22 00:00:00,0.7709818685720355,202307952.21139264
2023-07-23 00:00:00,0.7436686157914151,159632808.35642695
2023-07-24 00:00:00,0.7575367614157493,140128117.93997243
2023-07-25 00:00:00,0.728411534959131,235280654.6157845
2023-07-26 00:00:00,0.7084695121360546,184399244.37397364
2023-07-27 00:00:00,0.7220209724739719,263009020.11358154
2023-07-28 00:00:00,0.7160603058059711,164813978.540087
2023-07-29 00:00:00,0.7094526936193374,150537514.59550726
2023-07-30 00:00:00,0.7188106929413386,128806539.98335129
2023-07-31 00:00:00,0.6977245349540061,185550994.34963298
2023-08-01 00:00:00,0.6882074032906282,177306551.4542059
2023-08-02 00:00:00,0.6988975715820345,271032028.90253806
2023-08-03 00:00:00,0.6800968773915135,233318010.43638203
2023-08-04 00:00:00,0.6684125816196896,262318384.79767853
2023-08-05 00:00:00,0.6642768421348192,197415579.57970852
2023-08-06 00:00:00,0.6661943090418332,166073559.47397068
2023-08-07 00:00:00,0.6656537302752854,173231784.64228556
2023-08-08 00:00:00,0.6646149223892596,254759886.1812016
2023-08-09 00:00:00,0.6858450840610164,297403734.9287292
2023-08-10 00:00:00,0.6909202119136653,231154425.85949627
2023-08-11 00:00:00,0.6846584678363384,222004625.45758975
2023-08-12 00:00:00,0.6803814272144604,152154650.95361325
2023-08-13 00:00:00,0.6813714521118737,95638205.50555718
2023-08-14 00:00:00,0.677199139363195,118008279.54875077
2023-08-15 00:00:00,0.6794261242010894,166756960.6131292
2023-08-16 00:00:00,0.6388774518386297,249674156.83431765
2023-08-17 00:00:00,0.6237921272379285,327159853.3260375
2023-08-18 00:00:00,0.5718304223832802,409995328.61154366
2023-08-18 02:52:40,0.5665682575952122,419839566.6410038
